Date,VOO,Volume,Next Close,RSI,20SMA,STD,ZScore,MACD Signal,Day Change
2018-01-16,254.479996,3719600,256.940002,0.0,0.0,0.0,0.0,0.0,2.460005999999993
2018-01-17,256.940002,1867700,256.589996,0.0,0.0,0.0,0.0,0.0,-0.3500060000000076
2018-01-18,256.589996,3154200,257.679993,0.0,0.0,0.0,0.0,0.0,1.0899970000000394
2018-01-19,257.679993,2541200,259.75,0.0,0.0,0.0,0.0,0.0,2.0700069999999755
2018-01-22,259.75,1607800,260.339996,0.0,0.0,0.0,0.0,0.0,0.5899959999999851
2018-01-23,260.339996,2161100,260.209991,0.0,0.0,0.0,0.0,0.0,-0.13000499999998283
2018-01-24,260.209991,2935500,260.329987,0.0,0.0,0.0,0.0,0.0,0.11999600000001465
2018-01-25,260.329987,3585600,263.359985,0.0,0.0,0.0,0.0,0.0,3.0299979999999778
2018-01-26,263.359985,2857300,261.540009,0.0,0.0,0.0,0.0,0.0,-1.819975999999997
2018-01-29,261.540009,5145000,258.75,0.0,0.0,0.0,0.0,0.0,-2.7900089999999977
2018-01-30,258.75,6678900,258.98999,0.0,0.0,0.0,0.0,0.0,0.2399899999999775
2018-01-31,258.98999,5585800,258.730011,0.0,0.0,0.0,0.0,0.0,-0.2599789999999871
2018-02-01,258.730011,3125700,253.190002,0.0,0.0,0.0,0.0,0.0,-5.540008999999998
2018-02-02,253.190002,5532200,242.789993,0.0,0.0,0.0,0.0,0.0,-10.400008999999983
2018-02-05,242.789993,8559200,247.27999900000003,31.07800350683259,0.0,0.0,0.0,0.0,4.490006000000022
2018-02-06,247.27999900000003,11701700,245.929993,40.406521834708144,0.0,0.0,0.0,0.0,-1.350006000000036
2018-02-07,245.929993,6240200,236.789993,38.71002994507755,0.0,0.0,0.0,0.0,-9.139999999999986
2018-02-08,236.789993,6985700,240.440002,29.63736154455813,0.0,0.0,0.0,0.0,3.650008999999983
2018-02-09,240.440002,9713100,243.740005,36.08022855646108,0.0,0.0,0.0,0.0,3.300003000000004
2018-02-12,243.740005,4236200,244.559998,41.312472088118064,253.89249715,7.800672390076048,-1.3014893642906882,0.0,0.8199930000000109
2018-02-13,244.559998,3077700,247.75999500000003,42.57043760661293,253.39649724999995,8.05865951078681,-1.0965222240959516,0.0,3.1999970000000246
2018-02-14,247.75999500000003,3650800,250.970001,47.31638177040421,252.9374969,8.105060047559409,-0.6387987096479315,0.0,3.2100059999999644
2018-02-15,250.970001,2923800,250.940002,51.63421911147133,252.65649714999995,8.070907757934945,-0.20895990892002164,0.0,-0.02999900000000366
2018-02-16,250.940002,3007500,249.419998,51.591663598183395,252.3194976,7.994468437153566,-0.17255626322682116,0.0,-1.5200040000000001
2018-02-20,249.419998,3454400,248.110001,49.371342466134294,251.8029975,7.829718375525668,-0.3043531562321388,0.0,-1.3099969999999814
2018-02-21,248.110001,2798000,248.410004,47.475022183407106,251.19149775,7.613701588832776,-0.40473043421083504,0.0,0.3000029999999754
2018-02-22,248.410004,3177700,252.490005,47.967909911560575,250.60149840000003,7.344421488438964,-0.2983889750131711,0.0,4.08000100000001
2018-02-23,252.490005,2923100,255.399994,54.254941853767846,250.20949930000003,7.01662397755066,0.3250146662121739,0.0,2.909988999999996
2018-02-26,255.399994,1892000,252.139999,58.13993334561291,249.81149975,6.4633510236393485,0.8646434689312693,0.0,-3.2599950000000035
2018-02-27,252.139999,2947100,249.339996,52.73652637635504,249.34149925000003,5.911616104017185,0.473389966594464,0.0,-2.8000029999999754
2018-02-28,249.339996,2716600,246.050003,48.56192254774633,248.87099905,5.504529073220142,0.08520201160925615,0.0,-3.2899930000000097
2018-03-01,246.050003,5182300,247.360001,44.14049876141789,248.2239997,5.015918081709676,-0.4334194986013458,0.0,1.3099980000000073
2018-03-02,247.360001,3276500,250.199997,46.23939403079105,247.6554992,4.399403641383174,-0.06716778547446321,0.0,2.839995999999985
2018-03-05,250.199997,3024600,250.830002,50.57520528545045,247.50599895,4.257298376390279,0.6327952170184217,0.6650845755875585,0.6300050000000113
2018-03-06,250.830002,1932000,250.720001,51.50947875594119,247.9079994,4.171738164316382,0.7004280913394445,0.7399951568046066,-0.11000100000001112
2018-03-07,250.720001,2730200,251.889999,51.32704184996321,248.07999949999996,4.2130112392460966,0.6266305381308355,0.7637360069305454,1.1699979999999925
2018-03-08,251.889999,3021600,256.25,53.224688721914795,248.37799979999997,4.260908111566331,0.8242372536658736,0.8341059633587768,4.360001000000011
2018-03-09,256.25,2450800,256.0,59.55315488053451,249.35100015,3.6868594401888095,1.8712402688307304,1.1316906736831216,-0.25
2018-03-12,256.0,2029200,254.309998,59.05974093885317,250.12900005,3.3507930756925535,1.7521225027560254,1.2593104616377766,-1.6900019999999927
2018-03-13,254.309998,3080600,252.970001,55.70008798792161,250.6574997,3.127551224441897,1.167846036047505,1.1789417020453432,-1.339997000000011
2018-03-14,252.970001,2352700,252.729996,53.119842941246795,251.07799985,2.8307530887394488,0.6683737827669449,0.9920722682492686,-0.24000499999999647
2018-03-15,252.729996,2161500,252.990005,52.64940785015534,251.3264999,2.745433941894707,0.5112110251800288,0.8161840659131444,0.2600089999999966
2018-03-16,252.990005,1554600,249.610001,53.13364364846746,251.4275001,2.767528568327472,0.5645849216813139,0.6864485136951284,-3.3800039999999854
2018-03-19,249.610001,2715800,250.050003,46.47930873653569,251.36100005,2.7942932109763574,-0.6266339706662964,0.35857981952786044,0.4400019999999927
2018-03-20,250.050003,1991400,249.470001,47.40277285482303,251.3925003,2.775723959349836,-0.4836566314449021,0.16667911193677515,-0.5800020000000075
2018-03-21,249.470001,2777300,243.270004,46.26945375599753,251.4605003,2.7103652140825467,-0.7344026146947945,0.0045860886103032406,-6.199996999999996
2018-03-22,243.270004,3589400,238.089996,36.283233940994,251.2035003,3.1888815738294087,-2.4878616895367998,-0.48899227575167803,-5.180007999999987
2018-03-23,238.089996,3815500,243.52999900000003,30.38309322241781,250.48349985,4.262160259546602,-2.9077986502831297,-1.098257209067919,5.440003000000019
2018-03-26,243.52999900000003,5529000,239.309998,41.197560199175896,249.8900001,4.3615055992176135,-1.4582122974096063,-1.067846125944489,-4.220001000000025
2018-03-27,239.309998,3363600,238.639999,36.4653031922949,249.24850005,4.894374959804033,-2.03059678337312,-1.2521377579549073,-0.6699990000000184
2018-03-28,238.639999,4384100,242.080002,35.76291687438496,248.7135002,5.412511206326128,-1.8611511026944572,-1.3319333110311238,3.4400030000000186
2018-03-29,242.080002,2910800,236.479996,41.94590514557557,248.51500015,5.576856582386323,-1.1538754950815744,-1.0767232601445138,-5.600006000000008
2018-04-02,236.479996,4696400,239.479996,35.88974516091785,247.9709999,6.162853086128732,-1.8645591156251609,-1.199374904575207,3.0
2018-04-03,239.479996,3287900,242.240005,40.81927495928349,247.43499985,6.407019436954031,-1.241607572488011,-1.0008674276059422,2.7600089999999966
2018-04-04,242.240005,4598000,243.990005,45.00862365067897,247.0055,6.452791995640942,-0.7385167541769907,-0.6245042108252075,1.75
2018-04-05,243.990005,3436600,238.619995,47.54417373759385,246.6690002,6.425735525557289,-0.41691650540934144,-0.2194270870973809,-5.370010000000008
2018-04-06,238.619995,4931600,239.589996,41.25773464878548,246.0055,6.536530221838664,-1.1298815655016576,-0.27146974080132535,0.9700010000000248
2018-04-09,239.589996,2956000,243.539993,42.730761246932026,245.1724998,6.2323978992046865,-0.8957232657934702,-0.2020746281639645,3.949996999999996
2018-04-10,243.539993,2903800,242.25,48.40463719100261,244.54949945000004,5.7206791582349,-0.17646618907946454,0.13043446916027968,-1.2899930000000097
2018-04-11,242.25,2068300,244.27999900000003,46.7747948778515,243.94649955,5.278596351385758,-0.3213921726662481,0.2757264316270165,2.029999000000032
2018-04-12,244.27999900000003,1723600,243.600006,49.64801168200421,243.51199945,4.858926967676401,0.15805949649152276,0.5073035732295432,-0.6799930000000245
2018-04-13,243.600006,2887700,245.580002,48.699658145701115,243.05549995,4.376367640128542,0.12441963170717582,0.6067213312018405,1.9799959999999999
2018-04-16,245.580002,2149200,248.220001,51.59879763913643,242.6849998,3.7946356031921193,0.7629196852432207,0.7864639478342732,2.639998999999989
2018-04-17,248.220001,2301800,248.360001,55.23162156986505,242.61549979999995,3.6781053470792817,1.5237467856787872,1.0474575638995436,0.14000000000001478
2018-04-18,248.360001,1365100,247.0,55.422699672197396,242.5309997,3.5224553208824045,1.6548119902170324,1.1837645522967493,-1.3600010000000111
2018-04-19,247.0,1997100,245.0,53.05377254039444,242.40749965,3.314144000682937,1.3857274605610468,1.1363503420747851,-2.0
2018-04-20,245.0,2103900,244.889999,49.690131645230466,242.49399945,3.3578155782311394,0.7463186978601558,0.9328355617622439,-0.11000100000001112
2018-04-23,244.889999,1472600,241.550003,49.50422840063512,242.83399960000003,3.2367582128128003,0.6352032696978285,0.7606377492229834,-3.339995999999985
2018-04-24,241.550003,3653500,242.169998,44.10824508520103,242.73499980000003,3.2442278546692176,-0.365263123641133,0.4092313169157964,0.6199949999999887
2018-04-25,242.169998,2354800,244.660004,45.300149331171205,242.87799980000003,3.1518240525466577,-0.22463239958715345,0.21570635284786266,2.490005999999994
2018-04-26,244.660004,2106800,244.919998,49.91928805045696,243.17900005000007,3.017306434075339,0.4908364405002179,0.2501314277235699,0.25999400000000605
2018-04-27,244.919998,2178600,242.919998,50.390361408317105,243.32099985000005,3.0290490308531512,0.5278878399500766,0.28274229532773615,-2.0
2018-04-30,242.919998,2146100,243.440002,46.747615606694154,243.64299995000005,2.5960599776029514,-0.2784997096514045,0.16763457318858177,0.5200040000000001
2018-05-01,243.440002,2323100,241.77999900000003,47.80413831696175,243.84100025000006,2.4157511466438715,-0.16599319452136707,0.12641253277387487,-1.6600029999999606
2018-05-02,241.77999900000003,1636400,241.210007,44.751770457487574,243.81799995,2.4330128661414903,-0.8376449538600387,-0.005749539843743934,-0.5699920000000418
2018-05-03,241.210007,2666500,244.410004,43.719505488545096,243.67900005,2.4977655432628643,-0.9884807069500556,-0.118407848690955,3.199996999999996
2018-05-04,244.410004,1785200,245.169998,50.60770431148983,243.9685005,2.214060507870222,0.19940895853146107,0.02792592448812048,0.759994000000006
2018-05-07,245.169998,3127200,245.160004,52.10692567191364,244.2475006,1.98439855019344,0.4648750624767895,0.1731409189768704,-0.009994000000006054
2018-05-08,245.160004,1924500,247.539993,52.084536954149826,244.32850115,1.9869276004568501,0.41848673792080143,0.2605088161845861,2.3799890000000232
2018-05-09,247.539993,1506200,249.860001,56.8404210149925,244.59300080000003,2.043917040442285,1.4418355254586461,0.45896868329713514,2.3200080000000014
2018-05-10,249.860001,1537600,250.470001,60.913149542443854,244.8720009,2.341350435413326,2.130394504195361,0.7117813210010285,0.6099999999999852
2018-05-11,250.470001,1703500,250.75,61.930362857634115,245.21550065,2.6172335562304703,2.0076543560628632,0.874657356823276,0.27999900000000366
2018-05-14,250.75,1478200,249.02999900000003,62.41388913206693,245.47400054999997,2.882356740691325,1.8304463758828908,0.949571228091246,-1.720000999999968
2018-05-15,249.02999900000003,2600600,250.089996,57.576166251007535,245.51450045,2.926016142122055,1.2014624592776528,0.8356254172630442,1.0599969999999814
2018-05-16,250.089996,2588700,249.880005,59.65177183342831,245.6010002,3.0324911483151515,1.4802997207408526,0.7847876626293656,-0.20999100000000226
2018-05-17,249.880005,1714200,249.25999500000003,59.035560982913275,245.74500045,3.1611549431356303,1.3080676602009182,0.6933334570497289,-0.6200099999999793
2018-05-18,249.25999500000003,1702800,251.089996,57.158118614193526,245.9580002,3.2461576874533145,1.017200985880174,0.553469125569515,1.8300009999999816
2018-05-21,251.089996,1262900,250.369995,61.0912422745005,246.26800005,3.420713016494227,1.4096464470269798,0.5456866946609649,-0.7200010000000248
2018-05-22,250.369995,1055400,251.149994,58.80384678704793,246.70899965,3.3518860682179685,1.0922195073135066,0.45711970733862595,0.7799990000000037
2018-05-23,251.149994,1484100,250.669998,60.52808067976388,247.15799945000003,3.3150466264918683,1.2042046462026592,0.4172459803861601,-0.47999599999999987
2018-05-24,250.669998,2025300,250.039993,58.89449297528467,247.45849915,3.3472289574309224,0.9594500080044932,0.32862156703193146,-0.6300049999999828
2018-05-25,250.039993,1654700,247.149994,56.730320584578095,247.7144989,3.339073515500349,0.6964489069212716,0.20376478713554969,-2.8899990000000173
2018-05-29,247.149994,4465800,250.410004,48.0141658267837,247.92599870000006,3.1577287916502548,-0.2457477355408203,-0.08194849794283954,3.260009999999994
2018-05-30,250.410004,1359700,248.789993,56.190901115201925,248.27449880000003,3.0252445519028424,0.7058950651301151,-0.060839977597396455,-1.6200109999999768
2018-05-31,248.789993,2378800,251.410004,51.82829913297793,248.62499850000003,2.6331758182885245,0.06265988729427811,-0.15982091024070533,2.6200109999999768
2018-06-01,251.410004,1953900,252.520004,57.56629676809797,249.13499835,2.076589241404595,1.0955491845181642,-0.057930278692215564,1.1100000000000136
2018-06-04,252.520004,2031500,252.869995,59.7535568947857,249.54049835,1.8985329098194,1.5693726638025052,0.06828814295496022,0.3499909999999886
2018-06-05,252.869995,1491200,254.889999,60.445865873774345,249.9254982,1.7479748444465242,1.684518978837115,0.15448053254817018,2.020004
2018-06-06,254.889999,2763200,254.770004,64.26644120275971,250.41199795,1.7074983781005917,2.6225506901982185,0.3172912690176355,-0.11999499999998875
2018-06-07,254.770004,2615900,255.570007,63.871764579717045,250.7734985,1.822651441860581,2.1926877559871607,0.38229718539171653,0.8000030000000038
2018-06-08,255.570007,1517500,255.899994,65.39749512110447,251.0589988,2.08546125895919,2.163074562339912,0.4404340082314171,0.3299869999999885
2018-06-11,255.899994,2648000,256.329987,66.03466738147175,251.33049845,2.330204370558606,1.960984885160344,0.4602186267280526,0.4299930000000245
2018-06-12,256.329987,1182200,255.309998,66.89023561263113,251.6094978,2.566107389963727,1.8395524748739096,0.46026090209877757,-1.0199890000000096
2018-06-13,255.309998,2507800,256.049988,62.846185864010714,251.92349775,2.6150154018239333,1.2950211488766024,0.35434335161141606,0.7399899999999775
2018-06-14,256.049988,1913800,255.830002,64.52200769996008,252.22149734999996,2.726318295060358,1.4042713416612604,0.29907473604964485,-0.21998599999997737
2018-06-15,255.830002,2000100,255.220001,63.603548930242155,252.51899719999992,2.7787121575343035,1.1915609146569968,0.21650408636005336,-0.6100010000000111
2018-06-18,255.220001,2015800,254.25,61.01012281842541,252.81699749999996,2.7324262817191127,0.8794394623111971,0.0957662377447992,-0.9700009999999963
2018-06-19,254.25,1863300,254.710007,57.02806565980658,252.9749977,2.7193266484608816,0.4688669162719575,-0.06575742380303873,0.4600069999999903
2018-06-20,254.710007,1578200,253.119995,58.41426878743307,253.1919983,2.675604430933896,0.5673516916213871,-0.1529678612301979,-1.5900120000000015
2018-06-21,253.119995,4037600,253.570007,52.15197580390621,253.29049835,2.634563902562,-0.06471786462806342,-0.31950727289040803,0.4500120000000152
2018-06-22,253.570007,3092000,250.059998,53.665965540863716,253.43549879999998,2.5652401400719267,0.05243493499840493,-0.3961204900731925,-3.5100089999999966
2018-06-25,250.059998,6690000,250.610001,42.39743422721077,253.43649905,2.563919514412363,-1.3169294242740213,-0.6641699694403924,0.5500030000000038
2018-06-26,250.610001,2968600,248.52999900000003,44.36862945711122,253.6094994,2.2287219273461014,-1.3458378827778388,-0.7775421339490992,-2.080001999999979
2018-06-27,248.52999900000003,3433800,248.880005,38.941349918199656,253.51549915000004,2.3951185894193627,-2.081525387521049,-0.9540909970247995,0.35000599999997917
2018-06-28,248.880005,2638400,249.50999500000003,40.26547201741058,253.51999975000004,2.386303141688346,-1.9444280439228645,-1.003730807697417,0.6299900000000207
2018-06-29,249.50999500000003,3711600,249.800003,42.675190482698504,253.4249993,2.5033618196400784,-1.5638987018516062,-0.9510686517284239,0.29000799999997184
2018-07-02,249.800003,1943100,248.789993,43.79913500490345,253.28899925000005,2.620000662315044,-1.331677621377843,-0.8565754213642468,-1.010009999999994
2018-07-03,248.789993,1157900,250.919998,40.79892693897138,253.08499915,2.7975099755912054,-1.5352960981282404,-0.8218285782783303,2.130004999999983
2018-07-05,250.919998,1948100,253.00999500000003,48.76893653625506,252.88649910000004,2.803233859265467,-0.7015116107777495,-0.6240895649684165,2.0899970000000394
2018-07-06,253.00999500000003,2622200,255.25,55.14933594882768,252.79849865,2.77015505287733,0.07634819927511058,-0.3356868136062089,2.240004999999968
2018-07-09,255.25,3979500,256.140015,60.78624394476175,252.78249830000001,2.7549833071233465,0.8956503270346453,0.004761921793937127,0.8900150000000053
2018-07-10,256.140015,1314500,254.389999,62.787461866025374,252.79449935,2.7690243669729986,1.2081929252422,0.2738211250560607,-1.7500160000000164
2018-07-11,254.389999,2335100,256.570007,56.664056899922656,252.69749995,2.6758894543277063,0.6324996151327421,0.3149255200263506,2.1800079999999866
2018-07-12,256.570007,2874000,256.790009,61.6778935329546,252.7605004,2.75044970043706,1.3850486338269234,0.4610846685360237,0.22000200000002224
2018-07-13,256.790009,1814500,256.630005,62.153773838812285,252.79750145,2.7990025046932745,1.4264037075013414,0.5392942880179413,-0.1600040000000149
2018-07-16,256.630005,993500,257.730011,61.55508496338807,252.8375016,2.84735249012654,1.3319402543769503,0.5453343256908052,1.1000060000000076
2018-07-17,257.730011,1825900,258.200012,64.11428474204487,252.96300209999995,3.0007804100656816,1.5885897161984257,0.5849912062361815,0.47000100000002476
2018-07-18,258.200012,2606800,257.220001,65.1808128931484,253.1605027,3.202213615194696,1.573758001679611,0.6021008328355372,-0.9800109999999904
2018-07-19,257.220001,2050500,256.980011,61.102975292531006,253.2860024,3.307922309583072,1.1892657178202692,0.5102726746376711,-0.23999000000003434
2018-07-20,256.980011,2710700,257.470001,60.11120191981105,253.47900319999997,3.4038225205550483,1.0285518057590022,0.4010416039490412,0.48999000000003434
2018-07-23,257.470001,1447000,258.679993,61.48572051092661,253.67400289999995,3.513398917834003,1.0804346983576345,0.33230036137872654,1.2099919999999997
2018-07-24,258.679993,2916000,261.049988,64.7188450030316,254.10500264999993,3.5718561623532366,1.2808439483705278,0.3377323540227837,2.3699949999999603
2018-07-25,261.049988,2608700,260.27999900000003,70.02634464409941,254.627002,3.7797569197040906,1.6993119230807103,0.4626288606249265,-0.7699889999999527
2018-07-26,260.27999900000003,2166500,258.589996,66.5248546613702,255.214502,3.6987231035927777,1.3695258763976272,0.45441526084757267,-1.690003000000047
2018-07-27,258.589996,2666200,257.100006,59.49336122784311,255.70000155,3.4652919298454683,0.8339829683927489,0.30345254717766834,-1.4899899999999775
2018-07-30,257.100006,1601400,258.399994,54.06736591241882,256.07950209999996,3.1696086604107276,0.3219652674307604,0.08300390199055796,1.2999879999999848
2018-07-31,258.399994,1992500,258.079987,57.6928449895088,256.50950165000006,2.8564222609242687,0.6618392440997901,0.008419798729499384,-0.3200069999999755
2018-08-01,258.079987,1651700,259.390015,56.510409851334714,256.97400135000004,2.255475267712024,0.4903559200282885,-0.07423290030151786,1.3100279999999884
2018-08-02,259.390015,1767300,260.660004,60.114351967538326,257.39750219999996,1.834972474744145,1.085854326113424,-0.05341583034950825,1.2699890000000096
2018-08-03,260.660004,2017600,261.640015,63.29032695327877,257.78000265000003,1.6704796667622264,1.7240565134097627,0.028729371093708655,0.9800109999999904
2018-08-06,261.640015,1843000,262.369995,65.56872303442333,258.09950340000006,1.7644717862501385,2.006556085277086,0.12643647146749526,0.7299800000000118
2018-08-07,262.369995,2619200,262.230011,67.20164512208865,258.41100240000003,1.932926341914912,2.0481859624707126,0.2125309323560336,-0.13998400000002675
2018-08-08,262.230011,1560400,261.899994,66.54984936127795,258.803003,1.871725858685328,1.8309347942690068,0.2308301308144356,-0.330016999999998
2018-08-09,261.899994,1084400,260.119995,64.95045190846474,259.06950235,1.9137894064980472,1.478998493977131,0.19302372730432626,-1.7799989999999752
2018-08-10,260.119995,2395500,259.140015,56.994206594405014,259.23600165000005,1.852090742721357,0.4772948374554689,0.0290588896338404,-0.9799800000000118
2018-08-13,259.140015,3684700,260.809998,53.13507636308795,259.36150215000004,1.7536788442107194,-0.12629858125460536,-0.1543951902414089,1.669983000000002
2018-08-14,260.809998,1531800,258.890015,58.31494368698573,259.5155015,1.7388192923874424,0.7444686780664025,-0.17098143781790354,-1.919983000000002
2018-08-15,258.890015,2587800,260.98999,51.295253866461,259.55000165,1.719109742885062,-0.3839118780702976,-0.31082222439332785,2.099974999999972
2018-08-16,260.98999,1693100,261.859985,57.343442041694715,259.7385011,1.6589271944207784,0.7543965185506122,-0.26333312814043186,0.8699950000000172
2018-08-17,261.859985,2278800,262.440002,59.582721973955174,259.9824998,1.5928199477954692,1.178717784517041,-0.17881300808783251,0.580016999999998
2018-08-20,262.440002,1245500,263.01001,61.05073691049056,260.23099985,1.5689666833286542,1.4079343898580925,-0.0936114115866904,0.5700080000000298
2018-08-21,263.01001,1937900,262.929993,62.492540087027216,260.4475007,1.6372683328023565,1.5651126016796777,-0.012874478982142001,-0.080016999999998
2018-08-22,262.929993,1708100,262.549988,62.14476594609106,260.54150095,1.7209882045622076,1.3878607904855569,0.01937799198723189,-0.38000500000003967
2018-08-23,262.549988,2308100,264.200012,60.42496860927263,260.65500039999995,1.7740349836178941,1.0681793862573534,0.00036191418401299025,1.6500240000000304
2018-08-24,264.200012,2328900,266.190002,64.9594651551952,260.93550120000003,1.866457239774129,1.7490413015811157,0.07975944085443487,1.9899899999999775
2018-08-27,266.190002,2371000,266.339996,69.49859829636486,261.390001,1.9804116544557335,2.423739018703749,0.23819260667245556,0.1499939999999924
2018-08-28,266.339996,3026900,267.799988,69.81598366254669,261.7870011,2.1313227521196487,2.1362296702702257,0.31989131629694567,1.4599919999999997
2018-08-29,267.799988,2116100,266.709991,72.78453233960606,262.27300115,2.3296015799276724,2.37250304842754,0.4320834889620986,-1.0899969999999826
2018-08-30,266.709991,2625500,266.720001,67.45099866464261,262.63899995,2.4211261613132904,1.6814452361259051,0.3937879280111969,0.010010000000022501
2018-08-31,266.720001,3172400,266.350006,67.47457044820186,262.9419998,2.5311954112424493,1.492575872735782,0.332479442227126,-0.36999500000001717
2018-09-04,266.350006,3623300,265.600006,65.58397345525935,263.17749934999995,2.616764655798263,1.2123775223615831,0.23495197388275502,-0.75
2018-09-05,265.600006,4595500,264.820007,61.80369848286239,263.3389998999999,2.661240048527372,0.8496062206982201,0.09504916558158616,-0.7799990000000321
2018-09-06,264.820007,1687900,264.179993,58.05579248721634,263.46849969999994,2.66713416988765,0.5067264014157067,-0.06621085083985423,-0.640013999999951
2018-09-07,264.179993,2634100,264.679993,55.103021600987155,263.58249965,2.6463010639065434,0.22578434409802176,-0.2233192114311715,0.5
2018-09-10,264.679993,2832700,265.679993,56.94535985468932,263.81049955,2.53213408541768,0.3433836521562505,-0.2963274948525594,1.0
2018-09-11,265.679993,3420400,265.709991,60.44163252667117,264.13749844999995,2.321390474978959,0.6644700952406781,-0.2802120421251837,0.029997999999977765
2018-09-12,265.709991,3019800,267.220001,60.545137888053034,264.3824981,2.2133351728953485,0.5997703900686194,-0.2703449584683295,1.5100100000000225
2018-09-13,267.220001,2087500,267.359985,65.446222734338,264.7989974,1.9025203089221745,1.272524444888352,-0.16984440121608602,0.1399839999999699
2018-09-14,267.359985,1861000,265.850006,65.86949293172677,265.11749715,1.7665354343505832,1.269427041424968,-0.10484969279999978,-1.509978999999987
2018-09-17,265.850006,2515300,267.299988,57.664009227883646,265.3169982,1.6053367130485852,0.33202243222096905,-0.17057430297238452,1.4499819999999772
2018-09-18,267.299988,1823600,267.600006,62.495485015607,265.5599975,1.516843555896791,1.147112695462688,-0.12549928756055873,0.30001800000002277
2018-09-19,267.600006,2077500,269.75,63.42555829853948,265.78949730000005,1.459830173808374,1.2402187134389728,-0.0864420978609366,2.1499939999999924
2018-09-20,269.75,3349700,269.559998,69.30090850801896,266.13049764999994,1.5460477797955383,2.3411322711376568,0.06505395830912608,-0.19000199999999268
2018-09-21,269.559998,1352500,268.660004,68.25736353474936,266.48099815,1.4881143443149156,2.069061333736074,0.12960149488748463,-0.8999939999999924
2018-09-24,268.660004,2070900,268.329987,63.38827885882355,266.70399775,1.4635620636132174,1.336469630246547,0.09066227653966319,-0.330016999999998
2018-09-25,268.329987,2360400,266.339996,61.65158431236575,266.81099700000004,1.4998491741012137,1.0127618338092097,0.025068786147860234,-1.9899910000000318
2018-09-26,266.339996,2568400,267.079987,52.339561265739356,266.81099700000004,1.4998491741012137,-0.3140322427968838,-0.15978536594012338,0.7399910000000318
2018-09-27,267.079987,3077500,267.049988,55.05795664825948,266.77499695000006,1.4842385800648903,0.20548586601665075,-0.2351141735323714,-0.029999000000032083
2018-09-28,267.049988,1774300,268.040009,54.9211964878326,266.79199680000005,1.4853433552062143,0.1736912876714452,-0.28644884668704407,0.9900210000000129
2018-10-01,268.040009,1968800,268.01001,58.57793240335719,266.8579972,1.5098034252384165,0.7828911898337653,-0.25430524451507464,-0.02999899999997524
2018-10-02,268.01001,3034100,268.23999,58.42328087601997,266.9409974,1.5251463114291484,0.7009246207980419,-0.23603977770630524,0.229979999999955
2018-10-03,268.23999,2505800,266.040009,59.31017938575231,267.0729966,1.5175979950119645,0.7689739995938559,-0.2103011284103975,-2.1999809999999798
2018-10-04,266.040009,5004400,264.540009,48.62469642065485,267.13399669999995,1.448771108376543,-0.7551142438407051,-0.3358228110152297,-1.5
2018-10-05,264.540009,2564700,264.470001,42.943736094555895,267.15199750000005,1.4137699289746002,-1.847534345206022,-0.5041349249859046,-0.07000799999997298
2018-10-08,264.470001,3219600,264.130005,42.693031127417726,267.14149790000005,1.4327421677930403,-1.8646040858245871,-0.5980362790233692,-0.33999600000004193
2018-10-09,264.130005,2078000,255.600006,41.42809415067281,267.0639985,1.5470612812921372,-1.8964946867194907,-0.6562429039359536,-8.529998999999975
2018-10-10,255.600006,5803900,250.220001,23.00897101979922,266.55849924999995,2.9355337679581712,-3.733049631250605,-1.2101966244924423,-5.380005000000011
2018-10-11,250.220001,9037000,253.600006,17.67215821186721,265.70849925,4.606550284955407,-3.3622770385431613,-1.8420523099600492,3.3800050000000113
2018-10-12,253.600006,7116700,252.210007,28.839351136613146,265.0205003,5.285960002947787,-2.160533619934918,-1.926370735655265,-1.3899990000000173
2018-10-15,252.210007,3306200,257.579987,27.205062202150515,264.33850034999995,5.970534495764544,-2.0313915544083647,-1.9631032263896921,5.369980000000027
2018-10-16,257.579987,3308500,257.670013,41.09339753300301,263.8525002999999,6.103805435674179,-1.0276397840828435,-1.532203820537223,0.09002599999996619
2018-10-17,257.670013,2845800,254.050003,41.29560611902188,263.35600064999994,6.182143350511372,-0.9197437405798148,-1.164252387226397,-3.6200099999999793
2018-10-18,254.050003,3046800,253.850006,35.95145652068872,262.5710008,6.3157414347384595,-1.3491682469982027,-1.0891564092498016,-0.1999969999999962
2018-10-19,253.850006,2684200,252.800003,35.676756607725075,261.7855012,6.3743284878387785,-1.2449146941736176,-0.9808135647230571,-1.0500030000000038
2018-10-22,252.800003,2102000,251.27999900000003,34.19931220873694,260.99250115000007,6.455790737727082,-1.2690154440917427,-0.9093216639184849,-1.5200039999999717
2018-10-23,251.27999900000003,5206500,243.77999900000003,32.125297586023414,260.14000175000007,6.555545651817442,-1.3515278850271923,-0.8925967820955472,-7.5
2018-10-24,243.77999900000003,4065700,248.149994,24.29589588494852,259.0120019000001,7.291315601142308,-2.0890609779137392,-1.2906705184373068,4.36999499999996
2018-10-25,248.149994,4443800,243.75999500000003,34.337501901735116,258.06550225000007,7.4102606708740755,-1.3380781986486512,-1.167407260000752,-4.3899989999999605
2018-10-26,243.75999500000003,5278700,242.5,30.02842302865218,256.9010026000001,7.729956756013932,-1.7000104935614684,-1.2802233317522291,-1.259995000000032
2018-10-29,242.5,5126200,246.210007,28.907153153696648,255.62400215000008,7.892215906565375,-1.6629046018726488,-1.3324279181924026,3.7100069999999903
2018-10-30,246.210007,3619100,248.789993,36.433690447908226,254.534002,7.60654174379143,-1.0943205572748207,-1.0236949596367433,2.5799860000000194
2018-10-31,248.789993,4073400,251.369995,41.1033698283699,253.56150215,7.012182111054192,-0.6804599587449424,-0.574699724644165,2.580001999999979
2018-11-01,251.369995,2870700,249.809998,45.42125405722704,252.82800145,6.409926146285786,-0.2274607252448268,-0.060017006255604244,-1.5599969999999814
2018-11-02,249.809998,3184500,251.229996,43.35170769222145,252.0915009,5.84307978204436,-0.3904623905720004,0.2047885620866987,1.4199979999999925
2018-11-05,251.229996,1912100,252.820007,45.7737101732775,251.42950065,5.106768381930667,-0.039066712072917856,0.4888039927727337,1.590011000000004
2018-11-06,252.820007,2255200,258.160004,48.43236557371571,250.86400075,4.217917498960576,0.4637374368943967,0.7797069841333868,5.339997000000011
2018-11-07,258.160004,3090800,257.720001,56.1994388338819,250.99200065,4.394831047769299,1.6310077161301373,1.2972155855227387,-0.44000299999999015
2018-11-08,257.720001,2466900,255.339996,55.45822171729229,251.36700065,4.626814800803784,1.3730829141672825,1.5578048235853674,-2.3800050000000113
2018-11-09,255.339996,3078700,250.410004,51.50145983335413,251.45400015,4.683990312312393,0.8296336223807286,1.5163445158614166,-4.929992000000027
2018-11-12,250.410004,2710200,249.990005,44.430080930269135,251.364,4.685892049443171,-0.20358898368418987,1.1215485533693461,-0.41999899999999
2018-11-13,249.990005,3097000,248.27999900000003,43.87735261874016,250.9845009,4.4694555737725725,-0.222509404911838,0.8112454855158906,-1.7100059999999644
2018-11-14,248.27999900000003,3619900,250.850006,41.60778431911456,250.5150002,4.229245221433616,-0.5284633741909931,0.48599330108296024,2.5700069999999755
2018-11-15,250.850006,3911900,251.490005,46.11867653986765,250.35500035,4.152314342089284,0.11921198859692506,0.44045431068192653,0.6399989999999889
2018-11-16,251.490005,2342800,247.320007,47.212305156569386,250.23700029999995,4.084292954333692,0.30678619629145426,0.44844887430326486,-4.1699979999999925
2018-11-19,247.320007,2973700,242.770004,41.32655230882155,249.9630005,4.0869752140209625,-0.6466869412206964,0.18159326702675438,-4.550003000000004
2018-11-20,242.770004,5000900,243.580002,36.04615838928697,249.53750075,4.361485073088308,-1.551649641485078,-0.26820900987156726,0.8099980000000073
2018-11-21,243.580002,2425500,242.00999500000003,37.57530979888212,249.5275009,4.3748828891208085,-1.3594647104245636,-0.4664252919378997,-1.5700069999999755
2018-11-23,242.00999500000003,830900,245.800003,35.789082420117595,249.22050095,4.666489023781303,-1.5451672367070577,-0.647384802817331,3.790007999999972
2018-11-26,245.800003,2498500,246.570007,42.85162789276799,249.32250135000004,4.567258453084267,-0.7712500586914066,-0.4645027510085611,0.7700040000000001
2018-11-27,246.570007,2849700,252.330002,44.194597438200475,249.52600170000005,4.3439523948382615,-0.6804850586098876,-0.2548297401145261,5.7599950000000035
2018-11-28,252.330002,3723300,251.809998,53.077540478255756,249.83200145,4.315045353553032,0.5789048191447473,0.2796742958233871,-0.5200040000000001
2018-11-29,251.809998,3279400,253.479996,52.268647334453405,249.9830017,4.328758455356058,0.4220601169694373,0.5883442411963895,1.6699979999999925
2018-11-30,253.479996,2992800,256.609985,54.65849513945215,250.08850175,4.386602380005049,0.7731483175815264,0.8777046210079176,3.129988999999995
2018-12-03,256.609985,3943500,248.649994,58.820121681973546,250.42850109999995,4.609695201890126,1.3409745393720252,1.2309661384010004,-7.959991000000002
2018-12-04,248.649994,3837400,248.020004,47.00440251660664,250.299501,4.621545574808287,-0.35691674425788905,0.8952188621678594,-0.6299899999999923
2018-12-06,248.020004,7712700,242.25999500000003,46.21316706719592,250.05950085,4.6090390790140505,-0.44249936158846537,0.6109578041546178,-5.760008999999968
2018-12-07,242.25999500000003,3928400,242.550003,39.642591340279004,249.26450040000003,4.513526617560781,-1.5518919003928189,0.04509042030806154,0.29000799999997184
2018-12-10,242.550003,5983700,242.619995,40.104338843042534,248.50600050000003,4.298377563224293,-1.3856385141588974,-0.2816234688285779,0.06999199999998496
2018-12-11,242.619995,4543200,243.960007,40.22319721051107,247.87000045000005,4.179549249025606,-1.2561176187178522,-0.4547127289869257,1.3400120000000015
2018-12-12,243.960007,4117000,243.880005,42.57281329357887,247.5475006,4.219768632168356,-0.8501635783184063,-0.4403533311814316,-0.08000199999997903
2018-12-13,243.880005,2610800,239.380005,42.46549413831646,247.2420006,4.252922744493722,-0.7905141480297969,-0.39887581116118254,-4.5
2018-12-14,239.380005,5088500,233.229996,36.8399978268975,246.7970009,4.574494927796159,-1.6213802872382364,-0.6237403254206753,-6.150009000000011
2018-12-17,233.229996,6127200,233.139999,30.829168523756138,245.9160004,5.341505456725886,-2.3749866966860598,-1.1076331867424227,-0.08999700000001098
2018-12-18,233.139999,4691400,229.419998,30.7501009686497,244.99850010000003,5.8564245037677525,-2.0248704806782323,-1.339253205773482,-3.7200009999999963
2018-12-19,229.419998,8215600,225.649994,27.599213379300213,244.10349964999997,6.735109415033952,-2.1801430006799567,-1.6292175364320962,-3.770004
2018-12-20,225.649994,12141900,221.160004,24.82316543228876,243.24749915,7.846441549057728,-2.242737047103,-1.9400283002667043,-4.489990000000006
2018-12-21,221.160004,11811600,215.070007,21.98669386658153,242.12649925000005,9.203116233090839,-2.2781952024698597,-2.2891380983006466,-6.089996999999983
2018-12-24,215.070007,8493500,225.949997,18.841836879250337,240.77949985000004,10.930917207530296,-2.3519977657765825,-2.740843376566459,10.879989999999992
2018-12-26,225.949997,11598000,228.050003,36.35616283150117,239.78699955,11.32410390703528,-1.2219070633397788,-2.1439425153156426,2.1000060000000076
2018-12-27,228.050003,9578400,227.75999500000003,39.08851774076818,238.86099935,11.487612799199386,-0.9411003433849632,-1.47651775874035,-0.29000799999997184
2018-12-28,227.75999500000003,7436100,229.809998,38.84052443084389,237.63249900000002,11.293668490531767,-0.8741627229696658,-0.9490373267878507,2.0500029999999754
2018-12-31,229.809998,6683900,229.990005,41.65825447927385,236.532499,10.924580091428227,-0.6153555508531311,-0.3854255988339723,0.18000699999998915
2019-01-02,229.990005,4891300,224.5,41.91132797232355,235.35799944999997,10.283303440034778,-0.5220107022322599,0.05282675420543548,-5.4900049999999965
2019-01-03,224.5,3329600,231.910004,36.68471418218368,233.75250019999996,9.29952498303113,-0.9949433134362232,0.02756504462241427,7.4100039999999865
2019-01-04,231.910004,5100100,233.649994,46.40054128783884,232.91550069999997,8.65179578372714,-0.11621826556414845,0.5362915722009172,1.739990000000006
2019-01-07,233.649994,3706000,235.919998,48.402756249437715,232.1970002,7.934544746752655,0.18312251633525206,0.989973932287441,2.270004
2019-01-08,235.919998,3546600,237.00999500000003,50.975677266814564,231.88000035000005,7.647637141432574,0.5282674341480543,1.416940800010308,1.0899970000000394
2019-01-09,237.00999500000003,4565000,238.0,52.208038894354935,231.60299995,7.350715547028055,0.7355739744528844,1.7262458212200484,0.990004999999968
2019-01-10,238.0,2813500,237.889999,53.35494777833687,231.3720002000001,7.068028696476738,0.9377437592045796,1.9352726769593231,-0.11000100000001112
2019-01-11,237.889999,2551000,236.580002,53.2021745074499,231.0684998,6.6382404912308095,1.0276065184759848,1.9958788971126717,-1.3099969999999814
2019-01-14,236.580002,2653400,239.350006,51.31766674306522,230.70349965,6.1028772935776106,0.9629068498860696,1.879150907016922,2.770004
2019-01-15,239.350006,5103700,239.880005,54.951334818910944,230.7019997,6.100747934410646,1.4175321440870918,1.9134855107598132,0.5299990000000037
2019-01-16,239.880005,4066700,241.669998,55.63368384395788,231.03450014999996,6.403188237875432,1.3814219606536164,1.8933902385112797,1.7899929999999813
2019-01-17,241.669998,3059000,244.919998,57.950271865311365,231.4610001,6.800952275807883,1.5011130038825722,1.9163272560076443,3.25
2019-01-18,244.919998,4943300,241.660004,61.845703596833154,232.2360001,7.382497788879888,1.7181173991146519,2.0538402211311766,-3.259994000000006
2019-01-22,241.660004,5786300,242.020004,56.219711224888655,233.03650060000004,7.492148637755064,1.1510053813593195,1.8358247878011824,0.36000000000001364
2019-01-23,242.020004,3076400,242.25999500000003,56.688271540256466,234.07950060000002,7.212977908091434,1.100863402214562,1.6332351153920819,0.23999100000003182
2019-01-24,242.25999500000003,2197100,244.320007,57.01852345948003,235.43900000000002,5.954560753658846,1.1455076675149891,1.4395529292582632,2.060011999999972
2019-01-25,244.320007,3677500,242.429993,59.8486111050654,236.35750050000007,5.835641007679957,1.3644613315865215,1.3744753791985382,-1.8900140000000079
2019-01-28,242.429993,2407800,242.130005,56.19283608626786,237.0765,5.650732537646617,0.9473980522584832,1.138202057497934,-0.2999879999999848
2019-01-29,242.130005,2436900,245.960007,55.612180176524475,237.7950005,5.32461901097327,0.8141436018363394,0.9058899326984251,3.830001999999979
2019-01-30,245.960007,6028400,248.00999500000003,61.13405917205503,238.60250095,5.276823281697952,1.3943059407577028,0.9497404018260196,2.0499880000000417
2019-01-31,248.00999500000003,5308100,248.220001,63.73453780217434,239.50350045,5.267765820333156,1.61482017996428,1.0486245350862078,0.2100059999999644
2019-02-01,248.220001,3718500,249.990005,64.00027257268368,240.68950049999995,4.345846111348194,1.7328042243225819,1.0570056530447476,1.7700040000000001
2019-02-04,249.990005,2541700,251.100006,66.24527574991104,241.59350055,4.305827863625135,1.9500325409968613,1.105368180521106,1.1100010000000111
2019-02-05,251.100006,3613300,250.789993,67.60945008427362,242.46600114999995,4.375227282349978,1.9733843050463529,1.1316158300600092,-0.3100129999999979
2019-02-06,250.789993,2052200,248.330002,66.79748631912761,243.2095009,4.46225907449605,1.6988014307206392,1.0494251999356,-2.4599910000000023
2019-02-07,248.330002,3907800,248.649994,60.580234070788705,243.77550125,4.356682517382986,1.0454057030384345,0.7639777000346619,0.31999199999998496
2019-02-08,248.649994,2512600,248.77999900000003,61.08759466290064,244.30800095000004,4.268177581922174,1.0172943760330937,0.5417671223197118,0.13000500000003967
2019-02-11,248.77999900000003,2986600,252.0,61.305494851190005,244.85250095000006,4.106246521736492,0.956469132871026,0.3574815446418933,3.220000999999968
2019-02-12,252.0,5980500,252.75999500000003,66.33402803172089,245.62350085000003,3.924212639635246,1.624911730214667,0.4030087299319747,0.759995000000032
2019-02-13,252.75999500000003,3569100,252.199997,67.41051537392336,246.29400030000005,3.940623793845732,1.6408556203965083,0.43228111824096693,-0.5599980000000357
2019-02-14,252.199997,3247800,254.979996,65.7424087512102,246.90999989999997,3.8517701700675775,1.3733937557097835,0.3646066821188829,2.7799990000000037
2019-02-15,254.979996,2806600,255.419998,69.74495866798951,247.57549980000005,4.034427367449186,1.8353276749363157,0.45203525370084785,0.4400019999999927
2019-02-19,255.419998,2509300,256.01001,70.33571517007016,248.10049980000002,4.327262679018107,1.6914846042257956,0.48173281381503275,0.59001200000003
2019-02-20,256.01001,2156300,255.080002,71.1492182885586,248.8180001,4.3891245010169415,1.6385978338809162,0.48216422042480955,-0.930008000000015
2019-02-21,255.080002,2020000,256.609985,67.98442540022036,249.47099999999998,4.299767535231018,1.304489592528332,0.3661264788039964,1.5299829999999872
2019-02-22,256.609985,2119400,256.98999,70.32314242849284,250.1884995,4.233381746374449,1.5168689914391733,0.33932742394112436,0.38000499999998283
2019-02-25,256.98999,2941300,256.799988,70.89188771139746,250.82199865,4.255731814557554,1.4493374156945666,0.295703994597019,-0.19000199999999268
2019-02-26,256.799988,4629600,256.670013,70.16779979666325,251.54049840000002,3.982529507566937,1.320640459789888,0.2067717012026935,-0.12997500000000173
2019-02-27,256.670013,2136400,256.070007,69.64376115463281,252.2674988,3.4956742406937233,1.259417753733919,0.09746217574698557,-0.6000060000000076
2019-02-28,256.070007,2207000,257.829987,67.15056983220424,252.77299879999998,3.270770388952674,1.0080219055229045,-0.04910763439740817,1.7599800000000414
2019-03-01,257.829987,2867000,256.839996,70.48797698794905,253.26399840000005,3.255949101699185,1.4023525729002069,-0.060627318095446636,-0.9899910000000318
2019-03-04,256.839996,3384200,256.540009,66.40133705857616,253.69499815000003,3.1277365972146054,1.0055187680448283,-0.16225486090254915,-0.29998699999998735
2019-03-05,256.540009,2475900,254.899994,65.16839066219336,254.02249835000003,3.0649364537146737,0.8213908144649342,-0.27062852544079297,-1.6400150000000053
2019-03-06,254.899994,2514900,252.850006,58.74627965324278,254.21249775,2.994860188273693,0.22955871285472926,-0.4624500410701735,-2.049987999999985
2019-03-07,252.850006,6441200,252.339996,51.86592084749593,254.3154984,2.909591150601506,-0.5036764013036855,-0.721628954191297,-0.5100099999999941
2019-03-08,252.339996,4522300,256.019989,50.28792276407022,254.5159981,2.6133011045147767,-0.8326641335897882,-0.9095170555842587,3.679992999999996
2019-03-11,256.019989,1884200,256.929993,59.79341391399066,254.88449785,2.255249392730521,0.5034880637414785,-0.7734028763780878,0.9100040000000149
2019-03-12,256.929993,2271900,258.679993,61.74155735591428,255.29199755,1.8072219088596817,0.9063609963834504,-0.6163571600336488,1.75
2019-03-13,258.679993,1974300,258.589996,65.23055678726479,255.6259972,1.7850934223908426,1.71083247615675,-0.39941317269867005,-0.0899970000000394
2019-03-14,258.589996,1557500,259.850006,64.90275492975358,255.91749724999997,1.7692236323633266,1.510548865114426,-0.27281263838610714,1.2600100000000225
2019-03-15,259.850006,3151200,260.77999900000003,67.37473526510307,256.29999769999995,1.751024418752211,2.02738937388995,-0.1226981513258747,0.9299930000000245
2019-03-18,260.77999900000003,1830000,260.859985,69.10438890164981,256.58999785000003,1.9744332822525172,2.1221285052589214,0.01350391625752767,0.07998599999996259
2019-03-19,260.859985,4061800,259.929993,69.25535988925093,256.8619972,2.160462374186202,1.8505241506489687,0.07956977226984385,-0.9299919999999702
2019-03-20,259.929993,3415200,261.429993,65.26227249162591,257.05799635,2.2502261676254363,1.2763146617527423,0.03357653621928414,1.5
2019-03-21,261.429993,2968300,256.459991,68.42456141446205,257.37549590000003,2.39223880374954,1.6948546665345727,0.07475775846081545,-4.970002000000022
2019-03-22,256.459991,4317400,256.230011,51.64797993518875,257.3679962,2.3948606144951734,-0.37914741029360266,-0.24465134599781013,-0.22998000000001184
2019-03-25,256.230011,2893600,258.079987,51.0245483422981,257.32999725,2.4065576087158456,-0.4570787111084085,-0.4702727879926565,1.8499760000000265
2019-03-26,258.079987,3177600,256.880005,55.6609645562932,257.3939972,2.4086307877026525,0.2848048789803569,-0.49147271173924345,-1.199982000000034
2019-03-27,256.880005,2714300,257.880005,52.2084308493388,257.40449680000006,2.405908097342768,-0.21800159390098975,-0.5769548816939463,1.0
2019-03-28,257.880005,1716700,259.540009,54.72855264496645,257.49499669999994,2.3879836247465445,0.16122736186720932,-0.5565340930539575,1.660004000000015
2019-03-29,259.540009,2831100,262.52999900000003,58.62855400683765,257.58049780000005,2.4287132795493367,0.8068104277683826,-0.42741750596867667,2.9899900000000343
2019-04-01,262.52999900000003,3303900,262.619995,64.55203468375808,257.86499795000003,2.6486163972080203,1.7612973531831593,-0.1510902326715149,0.08999599999998509
2019-04-02,262.619995,1512600,263.109985,64.71578978245768,258.16899725,2.8223170102865907,1.5770722189524786,0.01829383756037717,0.4899899999999775
2019-04-03,263.109985,1937500,263.73999,65.64630956393545,258.5794968000001,2.9126126262961574,1.5554722791135966,0.13725357435439411,0.6300049999999828
2019-04-04,263.73999,1738500,265.01001,66.85658421468642,259.12399600000003,2.8066018944726068,1.6446914003339057,0.2269948513968112,1.270020000000045
2019-04-05,265.01001,1505000,265.23999,69.21137375530132,259.75749670000005,2.6280822471084364,1.9986107001708509,0.33404507281512696,0.229979999999955
2019-04-08,265.23999,1720100,263.829987,69.63213266334253,260.21849675000004,2.7383815841324592,1.8337448948302009,0.37919817637121955,-1.4100029999999606
2019-04-09,263.829987,2016900,264.73999,63.869131968016674,260.56349645,2.7369945474771704,1.1934589175601056,0.2776642121888364,0.9100029999999606
2019-04-10,264.73999,2990600,264.690002,65.83445865898881,260.8664963,2.8450142179207503,1.3615024050146531,0.2369367239856821,-0.04998799999998482
2019-04-11,264.690002,1567700,266.480011,65.62329362769506,261.1714966,2.9108276878360115,1.2087645774098477,0.174652149512466,1.7900089999999977
2019-04-12,266.480011,1903400,266.299988,69.4073683739997,261.50299685,3.11202904854351,1.5992826777530698,0.21914731370381846,-0.1800230000000056
2019-04-15,266.299988,1584500,266.48999,68.58963560634629,261.7789963,3.2761210314458777,1.3799831131405844,0.20201511844823283,0.19000199999999268
2019-04-16,266.48999,2447700,265.839996,69.00470098931511,262.06049655,3.4236195196790677,1.293804239793334,0.17030788393231155,-0.6499939999999924
2019-04-17,265.839996,1872400,266.339996,65.80128194771223,262.3559967,3.4815411548159085,1.0007060508765449,0.07713269434707515,0.5
2019-04-18,266.339996,2788900,266.600006,67.06777128372707,262.60149685,3.5793291085797363,1.0444692389528318,0.023529108230915696,0.2600100000000225
2019-04-22,266.600006,1126500,268.899994,67.73688923300652,263.1084976,3.3864503795092182,1.0310230503085211,-0.01783100363698109,2.299987999999985
2019-04-23,268.899994,2618300,268.369995,72.96886820049271,263.74199675,3.2215085956844924,1.6011123660851336,0.08087829303042682,-0.5299989999999752
2019-04-24,268.369995,1393400,268.269989,70.14596111473783,264.25649715,3.0953848936948587,1.3289132018376877,0.08141837996759227,-0.10000600000000759
2019-04-25,268.269989,1237400,269.5,69.59882351323003,264.8259963500001,2.7095852673174776,1.2710405136685443,0.04765517561049126,1.2300109999999904
2019-04-26,269.5,2172600,269.839996,72.44559466815566,265.4069961,2.3841701545109526,1.7167415220997737,0.07893121779170897,0.3399959999999851
2019-04-29,269.839996,1892500,270.01001,73.19283875729133,265.92199545000005,2.1634556892277765,1.810991817169328,0.0923544795970015,0.1700140000000374
2019-04-30,270.01001,2024600,268.040009,73.57869126975406,266.295996,2.191112790356012,1.6950355163581368,0.08282594629234374,-1.9700010000000248
2019-05-01,268.040009,2669400,267.51001,62.375297937163545,266.56699669999995,2.050356988494839,0.7184174796220864,-0.07734836099635967,-0.5299989999999752
2019-05-02,267.51001,3009000,270.049988,59.7398471040963,266.78699795,1.898020136818908,0.3809295992042501,-0.23147406296769146,2.5399779999999623
2019-05-03,270.049988,1969000,268.980011,66.9473954095867,267.10249785,1.8897308231126029,1.5597407387074904,-0.17728275600318222,-1.0699769999999944
2019-05-06,268.980011,3966900,264.619995,61.91861634763997,267.3009979,1.867888600873484,0.8988828879917465,-0.22533801279208987,-4.360015999999973
2019-05-07,264.619995,4752500,264.100006,46.56829340525833,267.26999815,1.9065801819148152,-1.3899248377471989,-0.5444093108648498,-0.5199890000000096
2019-05-08,264.100006,2662500,263.290009,45.131267614899066,267.2834990999999,1.88298284388528,-1.690664952332333,-0.7703195973968717,-0.8099970000000098
2019-05-09,263.290009,3094800,264.519989,42.909971761589645,267.21100004999994,2.003570440480232,-1.9570018456950915,-0.9427476950711662,1.2299800000000118
2019-05-10,264.519989,3131900,258.02999900000003,47.16271071877125,267.2024994,2.014578793215008,-1.331549011155337,-0.9402799480104171,-6.4899899999999775
2019-05-13,258.02999900000003,5548200,260.269989,33.13637736011857,266.77999880000004,2.839130088964669,-3.081929860843689,-1.318847599085987,2.2399899999999775
2019-05-14,260.269989,4702600,261.809998,39.791967483351605,266.47849885000005,3.174468192251025,-1.9557637607317049,-1.3562628647795485,1.5400089999999977
2019-05-15,261.809998,2444100,264.209991,43.92463651640068,266.24449925000005,3.3335012971063094,-1.3302833431771777,-1.2194690092063611,2.399992999999995
2019-05-16,264.209991,3221500,262.609985,49.71715504439951,266.162999,3.3621969981044035,-0.5808725666881243,-0.922993625019169,-1.6000060000000076
2019-05-17,262.609985,2719500,260.820007,46.28452157434693,265.97649845,3.4495239129800668,-0.975935675451416,-0.795141584062647,-1.7899780000000192
2019-05-20,260.820007,2762600,263.02999900000003,42.730123408581335,265.6874985,3.6229444345134714,-1.3435181212360188,-0.7899928838386008,2.2099920000000566
2019-05-21,263.02999900000003,2760500,262.309998,48.036037894145174,265.39399875,3.5884109414991845,-0.6587873542187741,-0.6049528694783195,-0.7200010000000248
2019-05-22,262.309998,3421500,259.23999,46.5237455546705,265.09099890000005,3.5801689238456835,-0.7767792411908852,-0.5024670661114172,-3.07000800000003
2019-05-23,259.23999,3813200,259.690002,40.64757602989531,264.63949895,3.7175494176970174,-1.4524377064891796,-0.6059238506295027,0.4500120000000152
2019-05-24,259.690002,1833100,257.359985,41.8078310606915,264.14899905000004,3.690966811171545,-1.2080837564033058,-0.6070176078513732,-2.330016999999998
2019-05-28,257.359985,2565900,255.589996,37.698605646948295,263.5249985,3.730820632123576,-1.6524550783592276,-0.7199263063145149,-1.7699889999999812
2019-05-29,255.589996,4593500,256.299988,34.8929391749372,262.80399780000005,3.8006085178129263,-1.8981175688548384,-0.8596190468753849,0.7099919999999713
2019-05-30,256.299988,2977200,252.869995,36.920919242195026,262.21699675,3.8528393922624917,-1.535752765060214,-0.8485507424153789,-3.429992999999996
2019-05-31,252.869995,3698600,252.119995,31.77211704674164,261.484996,4.156449074277273,-2.0726829190125446,-1.0058387066264305,-0.75
2019-06-03,252.119995,3825600,257.670013,30.76193405505501,260.58849635,4.146030037651334,-2.0425566802688246,-1.0870804212672707,5.550017999999994
2019-06-04,257.670013,3536300,259.850006,44.758903135216435,260.02299645,3.711438573297456,-0.6339815151270264,-0.7118688880680992,2.1799930000000245
2019-06-05,259.850006,2646500,261.540009,49.11062918098943,259.78449700000004,3.5584787194901706,0.018409271254376254,-0.28367513998453187,1.6900029999999902
2019-06-06,261.540009,2277500,264.149994,52.25099770287904,259.65649715,3.445184618872772,0.5467085391250399,0.12465674605284027,2.6099849999999947
2019-06-07,264.149994,1877400,265.390015,56.6954874405951,259.69949640000004,3.4952687166311605,1.2732919728957106,0.5575611535999583,1.240021000000013
2019-06-10,265.390015,2845900,265.339996,58.66410201056213,259.74299770000005,3.5598109064771,1.5863250741001926,0.8944748805499183,-0.05001900000002024
2019-06-11,265.339996,1894500,264.839996,58.54848178119062,260.10849755,3.7360761261948814,1.4002654853096317,1.0691959060420657,-0.5
2019-06-12,264.839996,1711900,266.019989,57.33207524683323,260.33699790000003,3.87609369281364,1.161736133558539,1.1019448736577921,1.1799930000000245
2019-06-13,266.019989,1813700,265.619995,59.472064993685024,260.54749745,4.060310971135517,1.3478010893509416,1.14869342407739,-0.3999939999999924
2019-06-14,265.619995,1203300,265.859985,58.40275836114671,260.61799765,4.134848669984383,1.2097171503059871,1.0983168216475265,0.2399899999999775
2019-06-17,265.859985,1782500,268.51001,58.88046555716504,260.78049765000003,4.271544002163812,1.1891455050976598,1.028043877338812,2.650025000000028
2019-06-18,268.51001,2340700,269.220001,63.82121406391986,261.16499780000004,4.591888261497102,1.599562485347876,1.1004437987283002,0.7099910000000023
2019-06-19,269.220001,1684500,271.730011,65.03344391706626,261.4744979,4.905088159042126,1.5790752069810925,1.1321564131692472,2.5100099999999657
2019-06-20,271.730011,3288100,271.410004,68.98937564453077,261.94549855,5.3909111161318,1.815001627595153,1.2489971781373739,-0.3200069999999755
2019-06-21,271.410004,2226000,271.059998,67.93413218318132,262.55399924999995,5.727521619782922,1.5462193489434122,1.2296178419604202,-0.3500060000000076
2019-06-24,271.059998,3518400,268.380005,66.73185570208332,263.12249905,5.974009424735656,1.3286719831968203,1.1211572683480893,-2.6799930000000245
2019-06-25,268.380005,2287100,268.119995,58.23354846463542,263.67350005,5.925109833304472,0.7943321022582907,0.8112983121260102,-0.26000999999996566
2019-06-26,268.119995,2988700,267.670013,57.46888025321708,264.3,5.6952469946501685,0.6707338599341378,0.5440386184983914,-0.4499820000000341
2019-06-27,267.670013,2054600,269.149994,56.09603458588618,264.86850125,5.4295933954414535,0.5159708188005481,0.30412596885574916,1.4799810000000093
2019-06-28,269.149994,2883300,271.440002,59.52105997709835,265.68250120000005,4.747234976075247,0.7304236713529352,0.2164030994268895,2.2900080000000003
2019-07-01,271.440002,4497900,272.230011,64.17776064300006,266.64850155000005,3.7501260370446414,1.2776905103104153,0.27986921793249575,0.7900089999999977
2019-07-02,272.230011,3040700,274.320007,65.64603035793547,267.37650145000003,3.3257271376674966,1.4593829707280108,0.33840635578484,2.089995999999985
2019-07-03,274.320007,2335800,273.970001,69.2382452895949,268.1000015000001,3.1804426500203618,1.9557043419600981,0.47297632735566,-0.35000599999995075
2019-07-05,273.970001,3362500,272.600006,67.95670455714128,268.72150110000007,3.0496103560562564,1.721039505777156,0.49135458975062507,-1.3699950000000172
2019-07-08,272.600006,3131800,272.940002,63.03835481661461,269.1440017,2.9713334921317545,1.1631155873791,0.36972950935768,0.3399959999999851
2019-07-09,272.940002,2532900,274.209991,63.73974147821214,269.52150105,2.9499452654082625,1.1588353825022242,0.27501377613971023,1.2699890000000096
2019-07-10,274.209991,2853200,274.76001,66.31132686998717,269.9650008,2.9547136438339225,1.4366841297324102,0.2608526242572746,0.5500190000000202
2019-07-11,274.76001,2249400,276.109985,67.38998415249486,270.46100149999995,2.8845516071065416,1.4903558977446596,0.2513825350217358,1.3499749999999722
2019-07-12,276.109985,2932300,276.179993,69.93447602518506,270.9655013,2.9454268033286275,1.7466004227931389,0.2958275221287434,0.07000800000002982
2019-07-15,276.179993,1466200,275.27999900000003,70.06492391339229,271.4935012,2.8857545743995923,1.624009138398446,0.28937680044625447,-0.8999939999999924
2019-07-16,275.27999900000003,1564000,273.420013,66.094729861799,271.96450189999996,2.6899425356231705,1.2325531330474782,0.18880098219648778,-1.859986000000049
2019-07-17,273.420013,1758100,274.420013,58.69271392611928,272.21000205,2.5854923003284456,0.4680002140583657,-0.02719303484168112,1.0
2019-07-18,274.420013,3464700,272.950012,61.20807058107271,272.47000265,2.5326610963694383,0.7699452377561875,-0.12162657607378424,-1.470000999999968
2019-07-19,272.950012,2319400,273.609985,55.826425582767925,272.5310027,2.528792654541714,0.1656953958828876,-0.2922704856909286,0.6599729999999795
2019-07-22,273.609985,1304100,275.48999,57.62770690481772,272.64100175000004,2.525484257440304,0.3836821580436461,-0.3651400338243387,1.8800049999999828
2019-07-23,275.48999,1753000,276.76001,62.33888667475459,272.86250135,2.5709661066095055,1.0219849430317889,-0.29421474423934857,1.270020000000045
2019-07-24,276.76001,1669900,275.410004,65.15724636158339,273.2815016,2.4878093816222853,1.3982214335616403,-0.17513689976812596,-1.3500060000000076
2019-07-25,275.410004,1874200,277.380005,60.0158722319072,273.64600205000005,2.2250401222193226,0.792795569115624,-0.19892499017865317,1.970000999999968
2019-07-26,277.380005,1796900,276.880005,64.4270250509301,274.13150165,1.9043661226586768,1.7058187033198975,-0.09868318890337324,-0.5
2019-07-29,276.880005,2925900,276.209991,62.54112611675824,274.5180022,1.6168395912635762,1.4608763990953746,-0.08336146974053893,-0.6700139999999806
2019-07-30,276.209991,1751100,273.079987,60.00631361216313,274.75650165,1.4922216054036124,0.9740438985313477,-0.13272910135131166,-3.1300039999999854
2019-07-31,273.079987,4910000,270.790009,49.843103221427384,274.79900045,1.4304881998773178,-1.2016970501031774,-0.3767431303053135,-2.289978000000019
2019-08-01,270.790009,6921000,268.809998,43.97484296134617,274.62250055,1.6754919162263209,-2.2873828950675184,-0.6754989609074862,-1.9800109999999904
2019-08-02,268.809998,5310400,260.880005,39.630223068625824,274.36450039999994,2.0996858325687766,-2.6453969035950955,-0.9715836493752337,-7.9299930000000245
2019-08-05,260.880005,7354000,264.23999,27.788737504496268,273.77850034999994,3.6057167556727965,-3.577234770231754,-1.6279723844045182,3.3599849999999947
2019-08-06,264.23999,4366800,264.420013,36.45286555918614,273.34349975,4.16244793491095,-2.1870567253581177,-1.7515732345661856,0.1800230000000056
2019-08-07,264.420013,4261200,269.579987,36.88977856025849,272.85400085,4.585875496816087,-1.839122727133696,-1.7336991556637644,5.159974000000034
2019-08-08,269.579987,3618800,267.700012,47.9386647698421,272.5949997,4.617086447869723,-0.6530119663215401,-1.3063280309869185,-1.8799750000000017
2019-08-09,267.700012,2616300,264.559998,44.857312895831356,272.17450105,4.660574782003524,-0.9600723643096356,-1.09099130459756,-3.140014000000008
2019-08-12,264.559998,2104500,268.660004,40.20854451883577,271.5935013,4.845640425784227,-1.4515116025889794,-1.0977680937213519,4.100006000000008
2019-08-13,268.660004,3402300,260.570007,47.813557160835806,271.26250155,4.808474535374431,-0.5412314302289126,-0.7788628828965066,-8.08999700000004
2019-08-14,260.570007,4354800,261.390015,37.64025537409794,270.62000125000003,5.3096468737656375,-1.892780158254202,-1.0487063694625036,0.8200080000000298
2019-08-15,261.390015,2775200,265.220001,39.0557175010843,269.96850135000005,5.595134104571737,-1.5332047793082637,-1.1024145744831202,3.8299860000000194
2019-08-16,265.220001,2432700,268.480011,45.300806463461896,269.5820008,5.6426133541016075,-0.7730460207466285,-0.8232355094982149,3.2600099999999657
2019-08-19,268.480011,1430800,266.399994,49.997614535970975,269.3255021,5.569809702402483,-0.1517989204613776,-0.38454239718263117,-2.080016999999998
2019-08-20,266.399994,1865000,268.559998,47.212085371731604,268.8710023,5.417018957090032,-0.4561564800813241,-0.20877758610943387,2.160004000000015
2019-08-21,268.559998,2007400,268.459991,50.308189782435825,268.4610017,5.105781815615544,0.019389058047337544,0.06403905878659133,-0.10000700000000506
2019-08-22,268.459991,1883700,261.570007,50.16149586750682,268.11350105,4.851166833837544,0.07142404330092711,0.23900983339167414,-6.889984000000027
2019-08-23,261.570007,4184200,264.470001,41.239545955384884,267.32300115,4.555918184534967,-1.2627518574693692,-0.09038476631502768,2.8999940000000493
2019-08-26,264.470001,2260000,263.429993,45.62348251669193,266.70250094999994,4.026354973089881,-0.5544717157133128,-0.09365887229223646,-1.0400080000000003
2019-08-27,263.429993,2490400,265.26001,44.34570584792417,266.06350105,3.4378860595900806,-0.7660254017592255,-0.14358359231983808,1.830016999999998
2019-08-28,265.26001,3124000,268.709991,47.15055849812454,265.67250219999994,3.0392279606943937,-0.1357226918594393,-0.03664533049191876,3.4499809999999798
2019-08-29,268.709991,3128700,268.600006,52.056141387956636,265.56850130000004,2.894471200058788,1.085341495170592,0.2664715690993966,-0.10998499999999467
2019-08-30,268.600006,4209200,267.109985,51.890777060194,265.5580017,2.8830520773774033,1.0551333164842518,0.44886349347762233,-1.490021000000013
2019-09-03,267.109985,3368500,269.970001,49.59236298748299,265.8695007,2.6909492016354655,0.4609839157298354,0.45693233195778893,2.86001600000003
2019-09-04,269.970001,1486100,273.540009,53.82049133827139,266.15600125000003,2.804828857537749,1.3597976717011175,0.6318836131980909,3.570007999999973
2019-09-05,273.540009,1755800,273.73999,58.499855475639976,266.61200105,3.199160024892873,2.1655709298980703,0.9461321814522133,0.19998099999997976
2019-09-06,273.73999,1890800,273.809998,58.75199718316959,266.82000120000004,3.5058986146306004,1.9738131533872287,1.1139924845839002,0.07000800000002982
2019-09-09,273.809998,2158500,273.869995,58.84626164470161,267.1255005,3.821292593686456,1.7492765435036708,1.1704663572533351,0.05999700000000985
2019-09-10,273.869995,1870400,275.839996,58.93287918946569,267.59100035,4.041151707788779,1.5537636555188203,1.1508583112771502,1.970000999999968
2019-09-11,275.839996,2080300,276.649994,61.77757851108414,267.94999995,4.421219790291393,1.7845744894487516,1.2038604330927705,0.8099980000000073
2019-09-12,276.649994,2433700,276.579987,62.91505374763045,268.75399930000003,4.467890946035176,1.767275610656288,1.222822219655665,-0.0700069999999755
2019-09-13,276.579987,2292000,275.670013,62.74126596785607,269.51349790000006,4.4425333220760885,1.5906440284611385,1.1605072529306286,-0.9099740000000338
2019-09-16,275.670013,1432400,276.420013,60.40558274516128,270.0359985,4.5206773350978,1.2462766267918326,0.994266482963519,0.75
2019-09-17,276.420013,1789200,276.589996,61.67204789045473,270.4329986,4.711225073212874,1.2707977876160037,0.875271177007171,0.169983000000002
2019-09-18,276.589996,2028700,276.52999900000003,61.968958973921005,270.9424987,4.7977313266343815,1.1771182910239637,0.7531160931886065,-0.059996999999953005
2019-09-19,276.52999900000003,2267900,275.049988,61.78702374596814,271.34099875,4.912903020981474,1.056198387763701,0.618990802925677,-1.4800110000000473
2019-09-20,275.049988,2052700,275.23999,57.316653288559195,271.67049860000003,4.929590827084095,0.6855517057181313,0.39236110719470796,0.19000199999999268
2019-09-23,275.23999,1286400,272.959991,57.739380312419755,272.35399775,4.40110912714864,0.6557420337972203,0.22531380323791184,-2.2799989999999752
2019-09-24,272.959991,5124900,274.630005,51.18802587372293,272.77849725,4.012487118586494,0.04523223243740945,-0.053774745332735074,1.6700139999999806
2019-09-25,274.630005,2649200,272.790009,55.19787243660078,273.33849784999995,3.4041342022053573,0.3793937234211656,-0.13625512730816736,-1.839995999999985
2019-09-26,272.790009,2355000,271.26001,50.29544177629602,273.7149978,2.8632710591337944,-0.3230531727163214,-0.31487164665927003,-1.5299989999999752
2019-09-27,271.26001,2836500,272.600006,46.589993759456064,273.84249875,2.6890348207725734,-0.9603775786205774,-0.5238801208515949,1.339995999999985
2019-09-30,272.600006,2735200,269.320007,50.06020484494622,274.04249874999994,2.4277378703903327,-0.5941715403434408,-0.5566307091272118,-3.279999000000032
2019-10-01,269.320007,3696000,264.570007,42.74000805420097,274.15299985,2.143317462712917,-2.2549122722504165,-0.7707580430061223,-4.75
2019-10-02,264.570007,4463500,266.670013,34.80308071452485,273.88300015,2.8701434697890185,-3.2447831434310146,-1.1793992146484331,2.1000060000000076
2019-10-03,266.670013,2988800,270.369995,40.099247937223616,273.53950035,3.2734093021537736,-2.098572685511749,-1.248696776541481,3.699982000000034
2019-10-04,270.369995,1907800,269.209991,48.09896125119514,273.3710006,3.3447114519600727,-0.8972390124240258,-0.9967148822952041,-1.160004000000015
2019-10-07,269.209991,1821900,265.02999900000003,46.02372075674299,273.14100025,3.4626952861285685,-1.1352455024695556,-0.8644517943100449,-4.17999199999997
2019-10-08,265.02999900000003,2153100,267.5,39.42310815122817,272.69900045,3.8804304165872674,-1.9763275272810117,-1.004917902794684,2.470000999999968
2019-10-09,267.5,1921200,269.320007,44.48934225038793,272.28200065,3.967623850174638,-1.2052555460340584,-0.8822844936297967,1.8200069999999755
2019-10-10,269.320007,1559300,272.130005,47.94403465112927,271.9155013,3.884896300646133,-0.6680987339529141,-0.6406442435841542,2.8099980000000073
2019-10-11,272.130005,2806500,271.880005,52.82557886178031,271.69300219999997,3.7359527120754144,0.11697225143869484,-0.27244092177832485,-0.25
2019-10-14,271.880005,1215500,274.51001,52.355181289910604,271.50350180000004,3.623858444042489,0.1038956697160623,-0.038873120760466784,2.6300050000000397
2019-10-15,274.51001,1783800,274.079987,56.721306601421524,271.40800165,3.5166148783532063,0.8821006727505638,0.28194752465773576,-0.4300230000000056
2019-10-16,274.079987,1150800,274.820007,55.82057659777392,271.2825012,3.37122408823028,0.8298130669410938,0.44471216059634816,0.7400199999999586
2019-10-17,274.820007,3100600,273.690002,57.0835908069436,271.1970016,3.2567971041600567,1.1124443077440038,0.5735337825313838,-1.1300049999999828
2019-10-18,273.690002,1152200,275.600006,54.52046831370257,271.1290023,3.189134806284552,0.8030390232966094,0.5536797122999693,1.910004000000015
2019-10-21,275.600006,3017500,274.630005,57.95678068612653,271.14700310000006,3.2132132662878288,1.3858410665484648,0.6344237060167318,-0.9700010000000248
2019-10-22,274.630005,1601500,275.440002,55.65683415474425,271.2305038,3.280241756828369,1.0363569065979201,0.5887467128941456,0.8099970000000098
2019-10-23,275.440002,1296500,275.890015,57.18477869473711,271.27100365,3.3266363010916202,1.2532173561119213,0.5784793989695202,0.45001300000001265
2019-10-24,275.890015,2220600,277.040009,58.04963307931615,271.42600395,3.4632179279747115,1.2889778070104188,0.5666526060721817,1.1499939999999924
2019-10-25,277.040009,5500900,278.649994,60.25885995452636,271.7150039,3.672169982591343,1.4500976603055555,0.5978479782189423,1.6099849999999947
2019-10-28,278.649994,1795900,278.470001,63.18216252841554,272.01750330000004,3.969744254048265,1.6707601990320473,0.6823664315041968,-0.17999299999996765
2019-10-29,278.470001,1599200,279.450012,62.627514982003746,272.47500299999996,4.15541519959783,1.4426953052922749,0.6800886966550057,0.9800109999999904
2019-10-30,279.450012,1811300,278.549988,64.45703145892736,273.21900325,4.002752621453375,1.5566809491558236,0.6960068808210176,-0.9000240000000304
2019-10-31,278.549988,2312100,281.200012,61.480375228118575,273.813002,3.8659669280863183,1.225304325700697,0.6009296749301942,2.6500240000000304
2019-11-01,281.200012,2361900,282.320007,66.40045532854478,274.35450285,4.097335487290369,1.6707221488780493,0.6664529426459651,1.1199949999999603
2019-11-04,282.320007,3797500,281.959991,68.24646176258557,275.01000365,4.267041071521598,1.7131317058997249,0.730040780485266,-0.36001599999997325
2019-11-05,281.959991,2995600,282.109985,66.97270051668119,275.85650324999995,3.8634401122327495,1.5798064866269517,0.6929673937848491,0.1499939999999924
2019-11-06,282.109985,1457200,283.109985,67.24698168275117,276.5870025,3.5855661642304923,1.540337633453018,0.625713183726937,1.0
2019-11-07,283.109985,2689600,283.799988,69.09001230529353,277.27650140000003,3.4449789317044663,1.693329252702786,0.5958870653483301,0.6900029999999902
2019-11-08,283.799988,2328700,283.25,70.33059500997776,277.86000055,3.511535446652253,1.6915641434469697,0.5699422526544775,-0.5499879999999848
2019-11-11,283.25,1123700,283.809998,67.98826664635192,278.4285003,3.4164713656043117,1.4112513128431174,0.4673578946673893,0.5599980000000073
2019-11-12,283.809998,1737600,283.929993,69.11612163422788,278.8934997,3.4837264119315416,1.411275662509348,0.3918865062151,0.11999500000001717
2019-11-13,283.929993,1721400,284.309998,69.36519116690191,279.386,3.4646228048784082,1.3115404636839043,0.30839218454399164,0.38000499999998283
2019-11-14,284.309998,2244000,286.429993,70.18522386457913,279.86049955,3.456636308397381,1.2872336147111247,0.24013649667062031,2.119995000000017
2019-11-15,286.429993,1892400,286.609985,74.31581323693246,280.4974991,3.4346362763155467,1.7272553547836065,0.2955049424013323,0.17999199999997018
2019-11-18,286.609985,2278500,286.470001,74.63709239975206,281.04799805,3.4874818303883943,1.594843276754974,0.30097611986282846,-0.1399839999999699
2019-11-19,286.470001,3212500,285.459991,73.86324557161255,281.63999784999993,3.349991017015888,1.441795851232616,0.2537797418245793,-1.0100100000000225
2019-11-20,285.459991,2816300,285.019989,68.35629982081707,282.14099730000004,3.1271487526960278,1.0613482000619887,0.11994503031773363,-0.4400019999999927
2019-11-21,285.019989,2307200,285.649994,66.04613236092625,282.597496,2.8339652314512285,0.8548068879304884,-0.025073873484385167,0.6300049999999828
2019-11-22,285.649994,1266500,287.820007,67.72790066425878,283.02799525000006,2.6014675556434685,1.0078921585287213,-0.10115818633546336,2.170012999999983
2019-11-25,287.820007,2040300,288.399994,72.73694089208773,283.48649589999997,2.5975439708255172,1.6683109693895708,-0.03153689487104039,0.5799870000000169
2019-11-26,288.399994,1795700,289.76001,73.9028404808546,283.98299555000006,2.53960329633798,1.7392474078014846,0.024360317682725174,1.36001600000003
2019-11-27,289.76001,1631500,288.649994,76.44646552819114,284.4984954500001,2.6124973799829263,2.013978881017782,0.11844942560549354,-1.11001600000003
2019-11-29,288.649994,1988500,286.299988,70.41407773343113,285.0034957500001,2.3796275388839496,1.5323819339013367,0.0736425251377133,-2.3500060000000076
2019-12-02,286.299988,4416100,284.290009,59.67747891945905,285.25849455000014,2.2267292183162395,0.4677234400271799,-0.13517396193236664,-2.009978999999987
2019-12-03,284.290009,3236000,286.109985,52.32811796792378,285.3569946500001,2.13630136005104,-0.4994546508993269,-0.4138341576089717,1.819975999999997
2019-12-04,286.109985,3188800,286.640015,57.439146048644474,285.56449435,1.9930116429438702,0.2737016875597547,-0.4763012164391598,0.5300300000000107
2019-12-05,286.640015,1597200,289.190002,58.823708880883636,285.79099585,1.839007332876768,0.4616725201806994,-0.4812237323580293,2.5499869999999873
2019-12-06,289.190002,1609400,288.309998,64.76286948068108,286.09499669999997,1.8729128743937349,1.6525089566709434,-0.3198146542049338,-0.8800039999999854
2019-12-09,288.309998,1478900,288.040009,61.467855452523956,286.32049720000003,1.8544299530761064,1.0728368557139998,-0.2807785761054564,-0.2699890000000096
2019-12-10,288.040009,1822700,288.790009,60.451640954405136,286.55999765,1.7487104889238292,0.8463444117103655,-0.28092017603432495,0.75
2019-12-11,288.790009,1835400,291.329987,62.31544640222453,286.8089982,1.6930769998669146,1.1700653899118316,-0.23987657364613968,2.539978000000019
2019-12-12,291.329987,3276600,291.440002,67.84265297184015,287.17899789999996,1.8267849870423167,2.2722921030354666,-0.06039151631566497,0.11001499999997577
2019-12-13,291.440002,3519600,293.5,68.06116133955594,287.53549810000004,1.9251755171890168,2.0281287940442154,0.04152014228395462,2.0599980000000073
2019-12-16,293.5,3141900,293.559998,71.9100738310939,287.8889984500001,2.301954678959332,2.437494361329734,0.2138166466019329,0.05999800000000732
2019-12-17,293.559998,3658200,293.579987,72.0158494811404,288.23649910000006,2.589296558290168,2.055963378530637,0.29307428214871667,0.019989000000009582
2019-12-18,293.579987,3294400,294.799988,72.05360668718467,288.59199839999997,2.8017305874191334,1.7803241405144432,0.3066408845062085,1.220000999999968
2019-12-19,294.799988,2331600,296.299988,74.33009673452062,289.05899824999995,3.0113267259768737,1.9064652468548269,0.35420550198439305,1.5
2019-12-20,296.299988,4985600,295.160004,76.82926529869665,289.62299819999987,3.2489859262366116,2.055099637730409,0.43764757690806677,-1.13998399999997
2019-12-23,295.160004,2325200,295.160004,71.15912147074982,290.09849869999994,3.3276857372931303,1.5210286365915384,0.36972767689697195,0.0
2019-12-24,295.160004,1305900,296.670013,71.15912147074982,290.46549855,3.458347734111199,1.357441706539815,0.28240592826206257,1.5100089999999682
2019-12-26,296.670013,2390300,296.670013,74.09599021443988,290.8789995,3.674325861990272,1.5760750998995896,0.2832226136301048,0.0
2019-12-27,296.670013,2225400,295.040009,74.09599021443988,291.22449965,3.87240044148899,1.4062371472889632,0.24222918155931206,-1.6300039999999854
2019-12-30,295.040009,2345400,295.799988,65.71801638787426,291.54400040000013,3.910230947514013,0.8940670377084924,0.07260378472583628,0.7599789999999871
2019-12-31,295.799988,2512700,298.420013,67.55974709593951,292.0190004,3.820336278771323,0.9897002054531244,-0.016395939098600376,2.6200249999999983
2020-01-02,298.420013,3142400,296.23999,72.95421180043013,292.72550060000003,3.6273419279825982,1.5698857491405829,0.06854561950324367,-2.1800230000000056
2020-01-03,296.23999,3247900,297.350006,63.49331224584118,293.23200085,3.3660654202932374,0.8936217139053617,-0.0484266516387013,1.11001600000003
2020-01-06,297.350006,2777100,296.5299990000001,65.91697944354854,293.7675004,3.117502380766535,1.1491588978736165,-0.07574974281861513,-0.8200069999999187
2020-01-07,296.5299990000001,2251800,298.059998,62.610102942963024,294.13450025,2.9863066737753123,0.8021610007560444,-0.1684470531904827,1.5299989999999184
2020-01-08,298.059998,3719500,300.119995,66.03401901418715,294.62200025,2.7847094293812726,1.2345983798977194,-0.1469044936730639,2.05999700000001
2020-01-09,300.119995,2168500,299.26001,70.01534729109021,295.22599955,2.59519909149222,1.8857880561240576,-0.02072983422546182,-0.8599849999999947
2020-01-10,299.26001,3666800,301.23999,66.51039335695461,295.74949959999987,2.2811333410572563,1.5389325721630347,-0.02188726788850648,1.979979999999955
2020-01-13,301.23999,2728000,300.839996,70.20817139182408,296.24499974999986,2.3428014387864127,2.1320587256372425,0.07849650103928196,-0.3999939999999924
2020-01-14,300.839996,2620100,0.0,68.56119813543722,296.71499944999994,2.2735694890590072,1.814326137754125,0.08519875549653655,0.0
