Date,VOO,Volume,Next Close,RSI,20SMA,BBLower,BBUpper,STD,ZScore,MACD,MACD Signal Line
2018-01-16,254.479996,3719600,256.940002,0.0,0.0,0.0,0.0,0.0,0.0,0.0,0.0
2018-01-17,256.940002,1867700,256.589996,0.0,0.0,0.0,0.0,0.0,0.0,0.0,0.0
2018-01-18,256.589996,3154200,257.679993,0.0,0.0,0.0,0.0,0.0,0.0,0.0,0.0
2018-01-19,257.679993,2541200,259.75,0.0,0.0,0.0,0.0,0.0,0.0,0.0,0.0
2018-01-22,259.75,1607800,260.339996,0.0,0.0,0.0,0.0,0.0,0.0,0.0,0.0
2018-01-23,260.339996,2161100,260.209991,0.0,0.0,0.0,0.0,0.0,0.0,0.0,0.0
2018-01-24,260.209991,2935500,260.329987,0.0,0.0,0.0,0.0,0.0,0.0,0.0,0.0
2018-01-25,260.329987,3585600,263.359985,0.0,0.0,0.0,0.0,0.0,0.0,0.0,0.0
2018-01-26,263.359985,2857300,261.540009,0.0,0.0,0.0,0.0,0.0,0.0,0.0,0.0
2018-01-29,261.540009,5145000,258.75,0.0,0.0,0.0,0.0,0.0,0.0,0.0,0.0
2018-01-30,258.75,6678900,258.98999,0.0,0.0,0.0,0.0,0.0,0.0,0.0,0.0
2018-01-31,258.98999,5585800,258.730011,0.0,0.0,0.0,0.0,0.0,0.0,0.0,0.0
2018-02-01,258.730011,3125700,253.190002,0.0,0.0,0.0,0.0,0.0,0.0,0.0,0.0
2018-02-02,253.190002,5532200,242.789993,0.0,0.0,0.0,0.0,0.0,0.0,0.0,0.0
2018-02-05,242.789993,8559200,247.27999900000003,31.078003506832587,0.0,0.0,0.0,0.0,0.0,0.0,0.0
2018-02-06,247.27999900000003,11701700,245.92999300000002,40.406521834708144,0.0,0.0,0.0,0.0,0.0,0.0,0.0
2018-02-07,245.92999300000002,6240200,236.789993,38.71002994507755,0.0,0.0,0.0,0.0,0.0,0.0,0.0
2018-02-08,236.789993,6985700,240.440002,29.637361544558132,0.0,0.0,0.0,0.0,0.0,0.0,0.0
2018-02-09,240.440002,9713100,243.74000499999997,36.08022855646108,0.0,0.0,0.0,0.0,0.0,0.0,0.0
2018-02-12,243.74000499999997,4236200,244.559998,41.31247208811806,253.89249714999997,238.29115236984788,269.4938419301521,7.800672390076049,-1.3014893642906882,0.0,0.0
2018-02-13,244.559998,3077700,247.75999500000003,42.570437606612934,253.39649724999995,237.27917822842633,269.51381627157355,8.05865951078681,-1.0965222240959516,0.0,0.0
2018-02-14,247.75999500000003,3650800,250.97000099999997,47.31638177040421,252.93749689999999,236.72737680488117,269.1476169951188,8.105060047559409,-0.6387987096479315,0.0,0.0
2018-02-15,250.97000099999997,2923800,250.940002,51.634219111471324,252.65649714999995,236.51468163413006,268.79831266586984,8.070907757934945,-0.20895990892002164,0.0,0.0
2018-02-16,250.940002,3007500,249.419998,51.59166359818339,252.31949759999998,236.33056072569283,268.3084344743071,7.994468437153566,-0.17255626322682116,0.0,0.0
2018-02-20,249.419998,3454400,248.11000099999998,49.37134246613429,251.8029975,236.14356074894866,267.4624342510513,7.829718375525667,-0.30435315623213877,0.0,0.0
2018-02-21,248.11000099999998,2798000,248.41000400000001,47.475022183407106,251.19149775,235.96409457233443,266.41890092766556,7.613701588832776,-0.404730434210835,-4.033203400849686,0.0
2018-02-22,248.41000400000001,3177700,252.49000499999997,47.96790991156057,250.60149840000003,235.9126554231221,265.29034137687796,7.344421488438964,-0.2983889750131711,-3.7531220702784367,0.0
2018-02-23,252.49000499999997,2923100,255.399994,54.25494185376784,250.2094993,236.17625134489867,264.24274725510134,7.01662397755066,0.3250146662121739,-3.16544434324652,0.0
2018-02-26,255.399994,1892000,252.13999900000002,58.13993334561291,249.81149975,236.8847977027213,262.7382017972787,6.4633510236393485,0.8646434689312693,-2.4368037611759803,0.0
2018-02-27,252.13999900000002,2947100,249.33999599999999,52.73652637635504,249.34149925000003,237.51826704196566,261.1647314580344,5.911616104017185,0.47338996659446403,-2.098218248030406,0.0
2018-02-28,249.33999599999999,2716600,246.05000299999998,48.56192254774632,248.87099905,237.8619409035597,259.88005719644025,5.504529073220141,0.08520201160925615,-2.032395441457311,0.0
2018-03-01,246.05000299999998,5182300,247.36000099999998,44.14049876141788,248.2239997,238.19216353658067,258.25583586341935,5.015918081709676,-0.4334194986013458,-2.220113248940436,0.0
2018-03-02,247.36000099999998,3276500,250.19999700000002,46.23939403079105,247.65549919999998,238.85669191723363,256.45430648276636,4.399403641383174,-0.06716778547446321,-2.2373839043879684,0.0
2018-03-05,250.19999700000002,3024600,250.830002,50.575205285450444,247.50599894999996,238.9914021972194,256.0205957027805,4.25729837639028,0.6327952170184217,-1.9988654047598402,-2.6639499803473985
2018-03-06,250.830002,1932000,250.72000099999997,51.50947875594119,247.90799939999997,239.5645230713672,256.2514757286327,4.171738164316382,0.7004280913394445,-1.7389560343416406,-2.478951191146247
2018-03-07,250.72000099999997,2730200,251.88999900000002,51.3270418499632,248.07999949999993,239.65397702150773,256.50602197849213,4.2130112392460966,0.6266305381308355,-1.5242811824830653,-2.288017189413611
2018-03-08,251.88999900000002,3021600,256.25,53.224688721914795,248.37799979999994,239.85618357686727,256.8998160231326,4.260908111566331,0.8242372536658736,-1.24538473521514,-2.0794906985739168
2018-03-09,256.25,2450800,256.0,59.55315488053451,249.35100014999998,241.97728126962235,256.72471903037757,3.6868594401888095,1.8712402688307304,-0.664877356470015,-1.7965680301531366
2018-03-12,256.0,2029200,254.309998,59.059740938853174,250.12900005,243.4274138986149,256.83058620138513,3.350793075692554,1.7521225027560254,-0.22242995310591596,-1.4817404147436926
2018-03-13,254.309998,3080600,252.97000099999997,55.70008798792161,250.65749970000002,244.4023972511162,256.9126021488838,3.1275512244418975,1.167846036047505,-0.008063287187013657,-1.1870049892323569
2018-03-14,252.97000099999997,2352700,252.729996,53.1198429412468,251.07799984999997,245.41649367252109,256.73950602747885,2.8307530887394488,0.6683737827669449,0.05308534607922866,-0.9389869221700399
2018-03-15,252.729996,2161500,252.99000499999997,52.64940785015534,251.32649989999996,245.83563201621055,256.8173677837894,2.745433941894707,0.5112110251800288,0.08124316022139055,-0.7349409056917539
2018-03-16,252.99000499999997,1554600,249.61000099999998,53.13364364846746,251.4275001,245.89244296334505,256.96255723665496,2.7675285683274717,0.564584921681314,0.12311973642715657,-0.5633287772679718
2018-03-19,249.61000099999998,2715800,250.05000299999998,46.47930873653569,251.36100004999997,245.77241362804725,256.94958647195267,2.7942932109763574,-0.6266339706662964,-0.11510400285814626,-0.4736838223860067
2018-03-20,250.05000299999998,1991400,249.47000099999997,47.40277285482302,251.39250030000002,245.84105238130036,256.9439482186997,2.7757239593498357,-0.48365663144490206,-0.2653349324650378,-0.43201404440181296
2018-03-21,249.47000099999997,2777300,243.270004,46.26945375599753,251.4605003,246.03976987183492,256.8812307281651,2.7103652140825467,-0.7344026146947945,-0.426281433638934,-0.4308675222492372
2018-03-22,243.270004,3589400,238.08999599999999,36.283233940993995,251.2035003,244.8257371523412,257.58126344765884,3.188881573829409,-2.4878616895367993,-1.042107866938835,-0.5531155911871568
2018-03-23,238.08999599999999,3815500,243.52999900000003,30.383093222417813,250.48349985,241.95917933090678,259.00782036909317,4.262160259546602,-2.9077986502831297,-1.925937102522056,-0.8276798934541367
2018-03-26,243.52999900000003,5529000,239.309998,41.197560199175896,249.8900001,241.1669889015648,258.61301129843525,4.361505599217613,-1.4582122974096063,-2.162487550884748,-1.0946414249402592
2018-03-27,239.309998,3363600,238.63999900000002,36.4653031922949,249.24850005000002,239.45975013039197,259.03724996960807,4.894374959804033,-2.0305967833731198,-2.6598136223838935,-1.407675864428986
2018-03-28,238.63999900000002,4384100,242.080002,35.762916874384956,248.7135002,237.88847778734774,259.53852261265223,5.412511206326128,-1.8611511026944574,-3.0725925032178907,-1.740659192186767
2018-03-29,242.080002,2910800,236.479996,41.94590514557558,248.51500014999996,237.3612869852273,259.6687133147726,5.576856582386323,-1.1538754950815744,-3.08656326736741,-2.0098400072228957
2018-04-02,236.479996,4696400,239.479996,35.889745160917855,247.97099989999998,235.6452937277425,260.29670607225745,6.162853086128731,-1.864559115625161,-3.509058637941905,-2.3096837333666977
2018-04-03,239.479996,3287900,242.24000499999997,40.81927495928349,247.43499985,234.62096097609194,260.2490387239081,6.407019436954031,-1.241607572488011,-3.560768017874125,-2.559900590268183
2018-04-04,242.24000499999997,4598000,243.99000499999997,45.00862365067897,247.00549999999998,234.09991600871808,259.9110839912819,6.452791995640943,-0.7385167541769907,-3.3405308537996916,-2.7160266429744846
2018-04-05,243.99000499999997,3436600,238.61999500000002,47.54417373759385,246.66900019999997,233.8175291488854,259.52047125111454,6.425735525557289,-0.41691650540934144,-2.99031050184621,-2.7708834147488295
2018-04-06,238.61999500000002,4931600,239.58999599999999,41.25773464878548,246.00549999999998,232.93243955632266,259.0785604436773,6.536530221838664,-1.1298815655016576,-3.1102205907504867,-2.838750849949161
2018-04-09,239.58999599999999,2956000,243.539993,42.73076124693202,245.17249979999997,232.7077040015906,257.63729559840937,6.232397899204686,-0.8957232657934702,-3.0913441351541167,-2.889269506990152
2018-04-10,243.539993,2903800,242.25,48.404637191002614,244.54949945000004,233.10814113353024,255.99085776646984,5.7206791582348995,-0.17646618907946457,-2.7262264205398026,-2.8566608897000823
2018-04-11,242.25,2068300,244.27999900000003,46.77479487785149,243.94649955,233.38930684722848,254.50369225277151,5.278596351385758,-0.3213921726662481,-2.5120028501663114,-2.787729281793328
2018-04-12,244.27999900000003,1723600,243.600006,49.64801168200421,243.51199945000002,233.79414551464723,253.2298533853528,4.8589269676764,0.15805949649152276,-2.153599815256399,-2.6609033884859423
2018-04-13,243.600006,2887700,245.580002,48.69965814570111,243.05549995,234.30276466974294,251.80823523025708,4.376367640128542,0.12441963170717582,-1.902501724483642,-2.5092230556854824
2018-04-16,245.580002,2149200,248.22000099999997,51.59879763913643,242.68499979999996,235.09572859361572,250.2742710063842,3.7946356031921185,0.7629196852432207,-1.526143120892641,-2.3126070687269142
2018-04-17,248.22000099999997,2301800,248.36000099999998,55.23162156986505,242.61549979999995,235.2592891058414,249.97171049415851,3.6781053470792817,1.5237467856787872,-1.0032851138524848,-2.0507426777520283
2018-04-18,248.36000099999998,1365100,247.0,55.422699672197396,242.5309997,235.4860890582352,249.5759103417648,3.5224553208824045,1.6548119902170324,-0.5710369873810919,-1.7548015396778411
2018-04-19,247.0,1997100,245.0,53.05377254039444,242.40749965,235.77921164863415,249.03578765136587,3.314144000682937,1.3857274605610468,-0.33436361208435983,-1.470713954159145
2018-04-20,245.0,2103900,244.88999900000002,49.690131645230466,242.49399945,235.7783682935377,249.20963060646227,3.3578155782311394,0.7463186978601558,-0.3046695019563401,-1.237505063718584
2018-04-23,244.88999900000002,1472600,241.55000299999998,49.504228400635114,242.83399960000003,236.36048317437442,249.30751602562563,3.2367582128128003,0.6352032696978285,-0.2867078771898548,-1.0473456264128382
2018-04-24,241.55000299999998,3653500,242.169998,44.10824508520102,242.73499980000003,236.2465440906616,249.22345550933846,3.2442278546692176,-0.365263123641133,-0.5358064802680929,-0.9450377971838892
2018-04-25,242.169998,2354800,244.66000400000001,45.3001493311712,242.87799980000005,236.57435169490674,249.18164790509337,3.1518240525466577,-0.22463239958715342,-0.6754048561240609,-0.8911112089719235
2018-04-26,244.66000400000001,2106800,244.919998,49.91928805045696,243.17900005000007,237.1443871818494,249.21361291815074,3.017306434075339,0.4908364405002179,-0.5784469243174613,-0.8285783520410311
2018-04-27,244.919998,2178600,242.919998,50.390361408317105,243.32099985000005,237.26290178829376,249.37909791170634,3.0290490308531512,0.5278878399500766,-0.47515048288136086,-0.7578927782090971
2018-04-30,242.919998,2146100,243.440002,46.74761560669416,243.64299995000005,238.45087999479415,248.83511990520594,2.596059977602952,-0.27849970965140447,-0.54834956172337,-0.7159841349119518
2018-05-01,243.440002,2323100,241.77999900000003,47.80413831696174,243.84100025000006,239.00949795671232,248.6725025432878,2.4157511466438715,-0.16599319452136707,-0.5579684689446083,-0.6843810017184832
2018-05-02,241.77999900000003,1636400,241.210007,44.75177045748758,243.81799995,238.951974217717,248.684025682283,2.43301286614149,-0.8376449538600387,-0.6915679265231631,-0.6858183866794192
2018-05-03,241.210007,2666500,244.41000400000001,43.71950548854509,243.67900004999996,238.68346896347424,248.67453113652567,2.4977655432628643,-0.9884807069500557,-0.833828197543113,-0.715420348852158
2018-05-04,244.41000400000001,1785200,245.169998,50.607704311489826,243.96850049999998,239.54037948425955,248.3966215157404,2.214060507870222,0.19940895853146107,-0.6805129432420074,-0.7084388677301279
2018-05-07,245.169998,3127200,245.16000400000001,52.10692567191364,244.24750059999997,240.27870349961307,248.21629770038686,1.9843985501934398,0.4648750624767895,-0.49201271900903976,-0.6651536379859102
2018-05-08,245.16000400000001,1924500,247.539993,52.08453695414983,244.32850115000002,240.35464594908632,248.30235635091373,1.98692760045685,0.41848673792080143,-0.3395176177551775,-0.6000264339397636
2018-05-09,247.539993,1506200,249.86000099999998,56.84042101499251,244.59300080000003,240.50516671911546,248.6808348808846,2.043917040442285,1.441835525458646,-0.02631557981834476,-0.4852842631154799
2018-05-10,249.86000099999998,1537600,250.47000099999997,60.913149542443854,244.87200090000002,240.18930002917335,249.55470177082668,2.341350435413326,2.130394504195361,0.4044423881358057,-0.30733893286522285
2018-05-11,250.47000099999997,1703500,250.75,61.93036285763412,245.21550064999997,239.98103353753902,250.44996776246091,2.6172335562304703,2.007654356062863,0.7859827631638723,-0.08867459365940383
2018-05-14,250.75,1478200,249.02999900000003,62.41388913206693,245.47400054999994,239.7092870686173,251.23871403138259,2.882356740691325,1.830446375882891,1.0982894414546536,0.14871821336340765
2018-05-15,249.02999900000003,2600600,250.08999599999999,57.57616625100754,245.51450044999996,239.66246816575585,251.36653273424406,2.926016142122055,1.2014624592776528,1.193249984942213,0.3576245676791687
2018-05-16,250.08999599999999,2588700,249.88000499999998,59.65177183342831,245.60100019999996,239.53601790336967,251.66598249663025,3.0324911483151515,1.4802997207408526,1.3386091459658758,0.5538214833365102
2018-05-17,249.88000499999998,1714200,249.25999500000003,59.03556098291327,245.74500045,239.42269056372874,252.06731033627125,3.1611549431356303,1.3080676602009182,1.4204883046486714,0.7271548475989424
2018-05-18,249.25999500000003,1702800,251.08999599999999,57.15811861419352,245.95800020000001,239.46568482509338,252.45031557490665,3.2461576874533145,1.017200985880174,1.4189912545608365,0.8655221289913213
2018-05-21,251.08999599999999,1262900,250.36999500000002,61.09124227450051,246.26800004999996,239.4265740170115,253.10942608298842,3.420713016494227,1.4096464470269798,1.5476304973175274,1.0019438026565626
2018-05-22,250.36999500000002,1055400,251.149994,58.80384678704793,246.70899964999998,240.00522751356405,253.4127717864359,3.351886068217968,1.0922195073135066,1.5733434368298447,1.116223729491219
2018-05-23,251.149994,1484100,250.669998,60.528080679763875,247.15799945000003,240.5279061970163,253.78809270298376,3.3150466264918683,1.204204646202659,1.637781204973919,1.220535224587759
2018-05-24,250.669998,2025300,250.039993,58.89449297528467,247.45849915000002,240.76404123513817,254.15295706486188,3.3472289574309224,0.9594500080044931,1.6313121833776734,1.302690616345742
2018-05-25,250.039993,1654700,247.149994,56.73032058457809,247.71449890000002,241.03635186899933,254.39264593100071,3.3390735155003495,0.6964489069212716,1.5573966002651787,1.3536318131296292
2018-05-29,247.149994,4465800,250.41000400000001,48.014165826783696,247.9259987000001,241.61054111669958,254.2414562833006,3.157728791650255,-0.24574773554082027,1.25119619070108,1.3331446886439196
2018-05-30,250.41000400000001,1359700,248.789993,56.19090111520192,248.27449880000003,242.22400969619434,254.32498790380572,3.0252445519028424,0.7058950651301151,1.257094716647174,1.3179346942445704
2018-05-31,248.789993,2378800,251.41000400000001,51.82829913297793,248.62499850000003,243.358646863423,253.89135013657707,2.6331758182885245,0.06265988729427811,1.1181585564436887,1.2779794666843942
2018-06-01,251.41000400000001,1953900,252.520004,57.56629676809797,249.13499835000002,244.98181986719084,253.2881768328092,2.076589241404595,1.095549184518164,1.205566618319125,1.2634968970113405
2018-06-04,252.520004,2031500,252.86999500000002,59.753556894785696,249.54049835,245.74343253036122,253.3375641696388,1.8985329098194,1.5693726638025052,1.348857075705041,1.2805689327500807
2018-06-05,252.86999500000002,1491200,254.88999900000002,60.44586587377435,249.9254982,246.42954851110696,253.42144788889303,1.7479748444465242,1.6845189788371153,1.4736695984352934,1.3191890658871233
2018-06-06,254.88999900000002,2763200,254.770004,64.26644120275972,250.41199794999997,246.99700119379878,253.82699470620116,1.7074983781005917,2.6225506901982185,1.7158031521591681,1.3985118831415324
2018-06-07,254.770004,2615900,255.57000699999998,63.87176457971705,250.77349849999996,247.1281956162788,254.41880138372113,1.822651441860581,2.1926877559871607,1.8763833648811783,1.4940861794894618
2018-06-08,255.57000699999998,1517500,255.899994,65.39749512110447,251.05899879999998,246.8880762820816,255.22992131791835,2.08546125895919,2.163074562339912,2.044628689778733,1.604194681547316
2018-06-11,255.899994,2648000,256.329987,66.03466738147175,251.33049845,246.67008970888278,255.9909071911172,2.330204370558606,1.9609848851603437,2.1794679649573823,1.7192493382293295
2018-06-12,256.329987,1182200,255.309998,66.89023561263113,251.6094978,246.47728302007255,256.7417125799275,2.566107389963727,1.8395524748739098,2.2945754658528017,1.834314563754024
2018-06-13,255.309998,2507800,256.049988,62.84618586401072,251.92349774999997,246.6934669463521,257.15352855364785,2.6150154018239333,1.2950211488766024,2.2772437532682943,1.922900401656878
2018-06-14,256.049988,1913800,255.830002,64.52200769996008,252.22149734999994,246.76886075987923,257.67413394012067,2.726318295060358,1.4042713416612604,2.296743821718934,1.9976690856692894
2018-06-15,255.830002,2000100,255.22000099999997,63.603548930242155,252.51899719999992,246.96157288493131,258.07642151506855,2.7787121575343035,1.1915609146569968,2.268299193619356,2.0517951072593026
2018-06-18,255.22000099999997,2015800,254.25,61.01012281842541,252.81699749999993,247.3521449365617,258.2818500634381,2.7324262817191127,0.879439462311197,2.1715029044403025,2.075736666695503
2018-06-19,254.25,1863300,254.710007,57.02806565980658,252.9749977,247.53634440307823,258.4136509969218,2.719326648460882,0.46886691627195753,1.9935398869417043,2.059297310744743
2018-06-20,254.710007,1578200,253.11999500000002,58.41426878743307,253.19199829999997,247.84078943813216,258.54320716186777,2.6756044309338956,0.567351691621387,1.8680874842069954,2.0210553454371936
2018-06-21,253.11999500000002,4037600,253.57000699999998,52.15197580390621,253.29049835,248.02137054487602,258.559626155124,2.6345639025619993,-0.06471786462806342,1.621671254324184,1.9411785272145918
2018-06-22,253.57000699999998,3092000,250.059998,53.66596554086371,253.4354988,248.30501851985616,258.56597908014385,2.565240140071927,0.05243493499840493,1.4460279146231017,1.842148404696294
2018-06-25,250.059998,6690000,250.61000099999998,42.39743422721077,253.43649905,248.30866002117529,258.56433807882473,2.563919514412363,-1.3169294242740213,1.0119359428958035,1.6761059123361959
2018-06-26,250.61000099999998,2968600,248.52999900000003,44.36862945711121,253.6094994,249.1520555453078,258.0669432546922,2.2287219273461014,-1.3458378827778388,0.704178244899822,1.4817203788489213
2018-06-27,248.52999900000003,3433800,248.88000499999998,38.94134991819966,253.51549915000004,248.7252619711613,258.30573632883875,2.3951185894193627,-2.081525387521049,0.2891066325679219,1.2431976295927214
2018-06-28,248.88000499999998,2638400,249.50999500000003,40.26547201741058,253.51999975000004,248.74739346662335,258.2926060333767,2.386303141688346,-1.9444280439228645,-0.011465880029049913,0.9922649276683672
2018-06-29,249.50999500000003,3711600,249.80000299999998,42.67519048269851,253.42499930000002,248.41827566071987,258.4317229392802,2.503361819640078,-1.5638987018516062,-0.19657088699216274,0.7544977647362612
2018-07-02,249.80000299999998,1943100,248.789993,43.79913500490345,253.28899925000005,248.04899792536995,258.5290005746301,2.620000662315044,-1.331677621377843,-0.31622151196904724,0.5403539093951996
2018-07-03,248.789993,1157900,250.919998,40.798926938971384,253.08499915000002,247.4899791988176,258.68001910118244,2.797509975591205,-1.5352960981282404,-0.4869318134527134,0.334896764825617
2018-07-05,250.919998,1948100,253.00999500000003,48.76893653625506,252.88649910000004,247.28003138146912,258.492966818531,2.803233859265467,-0.7015116107777495,-0.4452151913849036,0.17887437358351288
2018-07-06,253.00999500000003,2622200,255.25,55.14933594882768,252.79849865,247.25818854424534,258.33880875575466,2.77015505287733,0.07634819927511058,-0.24073414342424826,0.09495267018196066
2018-07-09,255.25,3979500,256.140015,60.78624394476175,252.7824983,247.27253168575328,258.2924649142467,2.7549833071233465,0.8956503270346453,0.10090507242438207,0.09614315063044494
2018-07-10,256.140015,1314500,254.38999900000002,62.78746186602537,252.79449934999997,247.25645061605397,258.33254808394594,2.7690243669729986,1.2081929252422001,0.43841955695052093,0.16459843189446016
2018-07-11,254.38999900000002,2335100,256.570007,56.66405689992266,252.69749994999998,247.34572104134458,258.0492788586554,2.6758894543277063,0.6324996151327421,0.5582553319273984,0.2433298119010478
2018-07-12,256.570007,2874000,256.790009,61.6778935329546,252.76050039999996,247.25960099912584,258.2613998008741,2.7504497004370596,1.3850486338269234,0.8196856475710774,0.3586009790350537
2018-07-13,256.790009,1814500,256.630005,62.15377383881229,252.79750144999997,247.19949644061342,258.3955064593865,2.7990025046932745,1.4264037075013414,1.0327188390574804,0.4934245510395391
2018-07-16,256.630005,993500,257.730011,61.55508496338807,252.8375016,247.14279661974692,258.5322065802531,2.8473524901265397,1.3319402543769505,1.1750924581530455,0.6297581324622403
2018-07-17,257.730011,1825900,258.200012,64.11428474204487,252.96300209999995,246.96144127986858,258.9645629201313,3.0007804100656816,1.5885897161984255,1.3609971402574672,0.7760059340212857
2018-07-18,258.200012,2606800,257.22000099999997,65.18081289314839,253.16050269999997,246.75607546961058,259.5649299303894,3.202213615194696,1.5737580016796113,1.5286319750657071,0.9265311422301701
2018-07-19,257.22000099999997,2050500,256.980011,61.102975292531,253.28600239999997,246.67015778083382,259.9018470191661,3.307922309583072,1.1892657178202692,1.5643719855272593,1.054099310889588
2018-07-20,256.980011,2710700,257.47000099999997,60.111201919811045,253.47900319999994,246.67135815888983,260.28664824111,3.4038225205550483,1.0285518057590022,1.5554013158258897,1.1543597118768483
2018-07-23,257.47000099999997,1447000,258.679993,61.485720510926605,253.67400289999995,246.64720506433196,260.70080073566794,3.513398917834003,1.0804346983576343,1.5697351636002566,1.23743480222153
2018-07-24,258.679993,2916000,261.049988,64.71884500303159,254.1050026499999,246.96129032529342,261.2487149747064,3.571856162353237,1.2808439483705278,1.6596002447500098,1.3218678907272259
2018-07-25,261.049988,2608700,260.27999900000003,70.02634464409941,254.627002,247.06748816059184,262.1865158394082,3.7797569197040906,1.6993119230807103,1.900153966508384,1.4375251058834575
2018-07-26,260.27999900000003,2166500,258.589996,66.5248546613702,255.21450199999998,247.81705579281441,262.61194820718555,3.6987231035927777,1.3695258763976272,2.0055441819429234,1.5511289210953507
2018-07-27,258.589996,2666200,257.100006,59.49336122784311,255.70000155000002,248.7694176903091,262.630585409691,3.465291929845468,0.8339829683927489,1.9304446050674358,1.6269920578897676
2018-07-30,257.100006,1601400,258.399994,54.06736591241882,256.0795021,249.74028477917855,262.41871942082145,3.169608660410728,0.32196526743076037,1.7307469353779652,1.6477430333874072
2018-07-31,258.399994,1992500,258.079987,57.6928449895088,256.50950165000006,250.79665712815154,262.2223461718486,2.8564222609242687,0.6618392440997901,1.6582677817992817,1.6498479830697823
2018-08-01,258.079987,1651700,259.390015,56.51040985133472,256.97400135000004,252.46305081457598,261.4849518854241,2.2554752677120233,0.49035592002828854,1.557056857692885,1.631289757994403
2018-08-02,259.390015,1767300,260.660004,60.11435196753833,257.3975022,253.72755725051172,261.0674471494883,1.834972474744145,1.0858543261134241,1.5645199700575176,1.617935800407026
2018-08-03,260.660004,2017600,261.640015,63.290326953278765,257.78000265000003,254.43904331647556,261.12096198352447,1.6704796667622264,1.7240565134097627,1.6538475142741618,1.6251181431804531
2018-08-06,261.640015,1843000,262.369995,65.56872303442333,258.09950340000006,254.57055982749978,261.62844697250034,1.7644717862501385,2.006556085277086,1.7831637325148222,1.656727261047327
2018-08-07,262.369995,2619200,262.230011,67.20164512208865,258.41100240000003,254.54514971617022,262.27685508382984,1.9329263419149119,2.0481859624707126,1.922390926492369,1.7098599941363355
2018-08-08,262.230011,1560400,261.899994,66.54984936127795,258.803003,255.05955128262934,262.54645471737064,1.8717258586853278,1.8309347942690068,1.9983976576543796,1.7675675268399444
2018-08-09,261.899994,1084400,260.119995,64.95045190846474,259.06950235,255.2419235370039,262.8970811629961,1.9137894064980472,1.478998493977131,2.008847185970353,1.8158234586660265
2018-08-10,260.119995,2395500,259.140015,56.99420659440501,259.23600165000005,255.53182016455733,262.94018313544274,1.852090742721357,0.4772948374554689,1.8521470707083267,1.8230881810744866
2018-08-13,259.140015,3684700,260.809998,53.135076363087954,259.36150215000004,255.85414446157858,262.8688598384215,1.7536788442107194,-0.12629858125460536,1.6300941932727255,1.7844893835141344
2018-08-14,260.809998,1531800,258.890015,58.31494368698573,259.51550149999997,256.0378629152251,262.99314008477484,1.7388192923874424,0.7444686780664025,1.5707625862417558,1.741744024059659
2018-08-15,258.890015,2587800,260.98999,51.295253866460996,259.55000164999996,256.11178216422985,262.98822113577006,1.7191097428850621,-0.38391187807029764,1.3532162435679993,1.6640384679613272
2018-08-16,260.98999,1693100,261.859985,57.34344204169472,259.7385011,256.42064671115844,263.0563554888416,1.6589271944207784,0.7543965185506122,1.3348720577857875,1.5982051859262194
2018-08-17,261.859985,2278800,262.440002,59.582721973955174,259.98249979999997,256.796859904409,263.1681396955909,1.5928199477954692,1.1787177845170407,1.3746889258164288,1.5535019339042613
2018-08-20,262.440002,1245500,263.01001,61.05073691049056,260.23099985,257.0930664833427,263.3689332166573,1.568966683328654,1.4079343898580925,1.4364876694208988,1.530099081007589
2018-08-21,263.01001,1937900,262.929993,62.49254008702722,260.4475007,257.17296403439525,263.7220373656047,1.6372683328023565,1.5651126016796777,1.5140059822799117,1.5268804612620537
2018-08-22,262.929993,1708100,262.549988,62.14476594609106,260.54150095,257.09952454087556,263.98347735912444,1.7209882045622076,1.3878607904855569,1.5511029512460937,1.5317249592588618
2018-08-23,262.549988,2308100,264.200012,60.424968609272625,260.65500039999995,257.10693043276416,264.20307036723574,1.774034983617894,1.0681793862573534,1.532177351988878,1.5318154378048652
2018-08-24,264.200012,2328900,266.190002,64.9594651551952,260.9355012,257.20258672045173,264.6684156795482,1.866457239774129,1.7490413015811157,1.6315147388729088,1.5517552980184741
2018-08-27,266.190002,2371000,266.339996,69.49859829636486,261.390001,257.4291776910885,265.35082430891146,1.9804116544557337,2.4237390187037495,1.849496056359044,1.6113034496865883
2018-08-28,266.339996,3026900,267.799988,69.81598366254669,261.7870011,257.5243555957607,266.0496466042393,2.1313227521196487,2.1362296702702257,2.0111675950577705,1.6912762787608249
2018-08-29,267.799988,2116100,266.709991,72.78453233960607,262.27300114999997,257.61379799014463,266.9322043098553,2.3296015799276724,2.3725030484275393,2.2313806399634473,1.7992971510013493
2018-08-30,266.709991,2625500,266.72000099999997,67.45099866464261,262.63899994999997,257.7967476273734,267.48125227262653,2.4211261613132904,1.6814452361259051,2.291532061015346,1.8977441330041487
2018-08-31,266.72000099999997,3172400,266.350006,67.47457044820186,262.94199979999996,257.8796089775151,268.00439062248483,2.5311954112424493,1.492575872735782,2.313343435788056,1.9808639935609302
2018-09-04,266.350006,3623300,265.600006,65.58397345525935,263.17749934999995,257.94397003840345,268.41102866159645,2.616764655798263,1.2123775223615831,2.274553960914375,2.0396019870316193
2018-09-05,265.600006,4595500,264.820007,61.80369848286238,263.3389998999999,258.0165198029452,268.66147999705464,2.6612400485273717,0.8496062206982201,2.158413444008602,2.063364278427016
2018-09-06,264.820007,1687900,264.179993,58.05579248721634,263.46849969999994,258.13423136022465,268.80276803977523,2.66713416988765,0.5067264014157067,1.9806007148771982,2.0468115657170527
2018-09-07,264.179993,2634100,264.679993,55.10302160098716,263.58249965,258.2898975221869,268.8751017778131,2.6463010639065434,0.22578434409802178,1.7676625514280886,1.9909817628592599
2018-09-10,264.679993,2832700,265.679993,56.945359854689315,263.81049955,258.7462313791646,268.87476772083534,2.5321340854176797,0.3433836521562505,1.6205723942935606,1.9168998891461202
2018-09-11,265.679993,3420400,265.709991,60.44163252667117,264.13749844999995,259.49471750004204,268.78027939995786,2.321390474978959,0.6644700952406781,1.5666348364896407,1.8468468786148244
2018-09-12,265.709991,3019800,267.22000099999997,60.54513788805303,264.38249809999996,259.9558277542093,268.80916844579065,2.2133351728953485,0.5997703900686194,1.5089156805294124,1.7792606389977421
2018-09-13,267.22000099999997,2087500,267.359985,65.446222734338,264.79899739999996,260.99395678215564,268.6040380178443,1.9025203089221745,1.272524444888352,1.5669551374776347,1.7367995386937207
2018-09-14,267.359985,1861000,265.850006,65.86949293172677,265.11749714999996,261.5844262812988,268.6505680187011,1.7665354343505832,1.269427041424968,1.6057374226937213,1.7105871154937209
2018-09-17,265.850006,2515300,267.299988,57.66400922788365,265.3169982,262.1063247739028,268.5276716260972,1.6053367130485852,0.33202243222096905,1.4973692367782405,1.6679435397506248
2018-09-18,267.299988,1823600,267.600006,62.49548501560701,265.5599975,262.5263103882064,268.5936846117936,1.516843555896791,1.147112695462688,1.5110694302999264,1.636568717860485
2018-09-19,267.600006,2077500,269.75,63.42555829853948,265.7894973,262.86983695238325,268.70915764761673,1.459830173808374,1.2402187134389728,1.5285160955343144,1.614958193395251
2018-09-20,269.75,3349700,269.559998,69.30090850801896,266.13049764999994,263.03840209040885,269.222593209591,1.5460477797955385,2.341132271137657,1.6962756412816589,1.6312216829725328
2018-09-21,269.559998,1352500,268.660004,68.25736353474937,266.48099815,263.5047694613702,269.4572268386298,1.4881143443149156,2.069061333736074,1.7932235515818888,1.663622056694404
2018-09-24,268.660004,2070900,268.329987,63.38827885882355,266.70399775,263.77687362277356,269.6311218772264,1.4635620636132174,1.336469630246547,1.7769499023689832,1.68628762582932
2018-09-25,268.329987,2360400,266.339996,61.65158431236575,266.81099700000004,263.81129865179764,269.81069534820244,1.4998491741012137,1.0127618338092097,1.7176236085141454,1.6925548223662852
2018-09-26,266.339996,2568400,267.079987,52.33956126573935,266.81099700000004,263.81129865179764,269.81069534820244,1.4998491741012137,-0.3140322427968838,1.4928231149411317,1.6526084808812547
2018-09-27,267.079987,3077500,267.049988,55.05795664825948,266.77499695000006,263.80651978987026,269.74347411012985,1.4842385800648905,0.20548586601665075,1.3587157639657903,1.5938299374981617
2018-09-28,267.049988,1774300,268.040009,54.9211964878326,266.7919968,263.82131008958754,269.76268351041244,1.4853433552062145,0.1736912876714452,1.235768879139357,1.522217725826401
2018-10-01,268.040009,1968800,268.01001,58.57793240335719,266.8579972,263.8383903495232,269.8776040504768,1.5098034252384163,0.7828911898337653,1.2043361701825575,1.4586414146976323
2018-10-02,268.01001,3034100,268.23999,58.42328087601998,266.9409974,263.8907047771417,269.9912900228583,1.525146311429148,0.7009246207980419,1.1635916925647507,1.399631470271056
2018-10-03,268.23999,2505800,266.040009,59.31017938575231,267.0729966,264.0378006099761,270.1081925900239,1.5175979950119645,0.768973999593856,1.136755059758059,1.3470561881684566
2018-10-04,266.040009,5004400,264.540009,48.62469642065485,267.1339967,264.2364544832469,270.0315389167531,1.4487711083765433,-0.7551142438407051,0.92727767439942,1.2631004854146495
2018-10-05,264.540009,2564700,264.47000099999997,42.94373609455589,267.15199750000005,264.32445764205085,269.97953735794925,1.4137699289746002,-1.847534345206022,0.6329318291822688,1.1370667541681734
2018-10-08,264.47000099999997,3219600,264.130005,42.693031127417726,267.14149790000005,264.276013564414,270.0069822355861,1.4327421677930403,-1.8646040858245871,0.38952140538896174,0.987557684412331
2018-10-09,264.130005,2078000,255.600006,41.42809415067281,267.06399849999997,263.9698759374157,270.15812106258426,1.5470612812921372,-1.8964946867194907,0.16725405449238906,0.8234969584283427
2018-10-10,255.600006,5803900,250.22000099999997,23.00897101979922,266.55849924999995,260.68743171408363,272.4295667859163,2.935533767958171,-3.7330496312506045,-0.68924882218721,0.5209478023052322
2018-10-11,250.22000099999997,9037000,253.600006,17.672158211867213,265.70849925,256.4953986800892,274.9215998199108,4.606550284955407,-3.362277038543161,-1.7816175851448293,0.06043472481521989
2018-10-12,253.600006,7116700,252.210007,28.839351136613146,265.0205003,254.4485802941044,275.59242030589553,5.285960002947787,-2.160533619934918,-2.347528694753862,-0.4211579590985965
2018-10-15,252.210007,3306200,257.579987,27.205062202150515,264.3385003499999,252.3974313584708,276.279569341529,5.970534495764544,-2.0313915544083647,-2.875036992085711,-0.9119337656960194
2018-10-16,257.579987,3308500,257.670013,41.093397533003014,263.8525002999999,251.64488942865157,276.0601111713483,6.103805435674179,-1.0276397840828437,-2.8271885413675477,-1.2949847208303251
2018-10-17,257.670013,2845800,254.05000299999998,41.295606119021876,263.35600064999994,250.9917139489772,275.7202873510227,6.182143350511372,-0.9197437405798149,-2.750300204863322,-1.5860478176369246
2018-10-18,254.05000299999998,3046800,253.850006,35.95145652068872,262.5710008,249.93951793052307,275.2024836694769,6.31574143473846,-1.349168246998203,-2.947493329199176,-1.8583369199493749
2018-10-19,253.850006,2684200,252.80000299999998,35.67675660772508,261.7855012,249.03684422432244,274.53415817567753,6.3743284878387785,-1.2449146941736176,-3.0843538758531963,-2.103540311130139
2018-10-22,252.80000299999998,2102000,251.27999900000003,34.19931220873694,260.99250115000007,248.0809196745459,273.90408262545424,6.455790737727082,-1.2690154440917427,-3.240192391028245,-2.3308707271097604
2018-10-23,251.27999900000003,5206500,243.77999900000003,32.12529758602341,260.14000175000007,247.0289104463652,273.251093053635,6.555545651817442,-1.3515278850271923,-3.4466167047291947,-2.5540199226336475
2018-10-24,243.77999900000003,4065700,248.149994,24.29589588494852,259.0120019000001,244.42937069771546,273.5946331022847,7.291315601142309,-2.0890609779137392,-4.1673580706802795,-2.8766875522429736
2018-10-25,248.149994,4443800,243.75999500000003,34.33750190173512,258.0655022500001,243.24498090825196,272.88602359174826,7.410260670874076,-1.3380781986486512,-4.3359466272439136,-3.1685393672431617
2018-10-26,243.75999500000003,5278700,242.5,30.028423028652185,256.9010026000001,241.44108908797222,272.36091611202795,7.729956756013932,-1.7000104935614684,-4.768818531933448,-3.488595200181219
2018-10-29,242.5,5126200,246.210007,28.907153153696655,255.62400215000008,239.83957033686934,271.40843396313085,7.892215906565375,-1.6629046018726488,-5.154130097921723,-3.82170217972932
2018-10-30,246.210007,3619100,248.789993,36.433690447908226,254.53400200000002,239.32091851241717,269.74708548758286,7.60654174379143,-1.0943205572748207,-5.101320879275249,-4.077625919638506
2018-10-31,248.789993,4073400,251.36999500000002,41.1033698283699,253.56150214999997,239.5371379278916,267.58586637210834,7.012182111054191,-0.6804599587449424,-4.796000575443713,-4.2213008507995475
2018-11-01,251.36999500000002,2870700,249.809998,45.42125405722704,252.82800144999996,240.0081491574284,265.64785374257156,6.409926146285785,-0.2274607252448268,-4.2963221086190515,-4.236305102363448
2018-11-02,249.809998,3184500,251.229996,43.35170769222145,252.09150089999997,240.40534133591126,263.7776604640887,5.84307978204436,-0.3904623905720004,-3.980319399755075,-4.185107961841774
2018-11-05,251.229996,1912100,252.82000699999998,45.7737101732775,251.42950064999997,241.21596388613864,261.6430374138613,5.106768381930667,-0.039066712072917856,-3.574102970875856,-4.06290696364859
2018-11-06,252.82000699999998,2255200,258.160004,48.4323655737157,250.86400074999997,242.42816575207883,259.2998357479211,4.217917498960576,0.46373743689439667,-3.088273233481857,-3.867980217615244
2018-11-07,258.160004,3090800,257.72000099999997,56.1994388338819,250.99200065,242.2023385544614,259.7816627455386,4.394831047769298,1.6310077161301373,-2.246460735711821,-3.5436763212345594
2018-11-08,257.72000099999997,2466900,255.33999599999999,55.45822171729229,251.36700065,242.11337104839242,260.62063025160757,4.626814800803784,1.3730829141672825,-1.5964202917528496,-3.1542251153382175
2018-11-09,255.33999599999999,3078700,250.41000400000001,51.50145983335413,251.45400015,242.08601952537524,260.8219807746248,4.683990312312394,0.8296336223807286,-1.2587944705114467,-2.7751389863728635
2018-11-12,250.41000400000001,2710200,249.99000499999997,44.43008093026914,251.36399999999998,241.99221590111364,260.7357840988863,4.685892049443172,-0.20358898368418987,-1.373203294661181,-2.494751848030527
2018-11-13,249.99000499999997,3097000,248.27999900000003,43.877352618740154,250.9845009,242.04558975245484,259.9234120475451,4.469455573772572,-0.22250940491183802,-1.480694991135664,-2.2919404766515545
2018-11-14,248.27999900000003,3619900,250.850006,41.60778431911456,250.51500019999997,242.05650975713274,258.9734906428672,4.229245221433616,-0.5284633741909931,-1.684448850297855,-2.170442151380815
2018-11-15,250.850006,3911900,251.49000499999997,46.11867653986765,250.35500035,242.05037166582144,258.6596290341786,4.152314342089284,0.11921198859692504,-1.6198742630284073,-2.0603285737103336
2018-11-16,251.49000499999997,2342800,247.32000699999998,47.21230515656938,250.23700029999995,242.06841439133257,258.40558620866733,4.084292954333692,0.30678619629145426,-1.4997674808312524,-1.9482163551345175
2018-11-19,247.32000699999998,2973700,242.770004,41.32655230882155,249.9630005,241.78905007195806,258.1369509280419,4.0869752140209625,-0.6466869412206964,-1.7212247713510749,-1.9028180383778293
2018-11-20,242.770004,5000900,243.580002,36.046158389286965,249.53750075,240.81453060382339,258.2604708961766,4.361485073088308,-1.551649641485078,-2.2380793007172883,-1.969870290845721
2018-11-21,243.580002,2425500,242.00999500000003,37.57530979888212,249.5275009,240.77773512175838,258.27726667824163,4.374882889120809,-1.3594647104245636,-2.5529019057680955,-2.086476613830196
2018-11-23,242.00999500000003,830900,245.80000299999998,35.789082420117595,249.22050095,239.8875229024374,258.5534789975626,4.666489023781303,-1.5451672367070575,-2.89570761735186,-2.2483228145345286
2018-11-26,245.80000299999998,2498500,246.57000699999998,42.851627892767986,249.32250135000004,240.1879844438315,258.45701825616857,4.567258453084266,-0.7712500586914066,-2.82895125329523,-2.364448502286669
2018-11-27,246.57000699999998,2849700,252.330002,44.19459743820048,249.52600170000005,240.83809691032354,258.21390648967656,4.3439523948382615,-0.6804850586098876,-2.6829856774298264,-2.4281559373153003
2018-11-28,252.330002,3723300,251.809998,53.077540478255756,249.83200145,241.20191074289394,258.4620921571061,4.315045353553032,0.5789048191447473,-2.0785630675360665,-2.3582373633594536
2018-11-29,251.809998,3279400,253.479996,52.2686473344534,249.9830017,241.32548478928788,258.6405186107121,4.328758455356059,0.42206011696943724,-1.6228070618639663,-2.211151303060356
2018-11-30,253.479996,2992800,256.609985,54.65849513945215,250.08850174999998,241.3152969899899,258.8617065100101,4.386602380005048,0.7731483175815264,-1.1140205268004593,-1.9917251478083766
2018-12-03,256.609985,3943500,248.649994,58.820121681973546,250.42850109999995,241.20911069621968,259.6478915037802,4.609695201890126,1.3409745393720252,-0.45301747480712606,-1.6839836132081265
2018-12-04,248.649994,3837400,248.020004,47.004402516606625,250.29950100000002,241.05640985038343,259.5425921496166,4.621545574808287,-0.35691674425788905,-0.5649600354983022,-1.4601788976661616
2018-12-06,248.020004,7712700,242.25999500000003,46.21316706719592,250.05950085,240.8414226919719,259.2775790080281,4.609039079014051,-0.44249936158846537,-0.6964816424728895,-1.3074394466275072
2018-12-07,242.25999500000003,3928400,242.55000299999998,39.642591340279004,249.2645004,240.23744716487843,258.29155363512155,4.513526617560781,-1.5518919003928187,-1.2510764212424306,-1.2961668415504919
2018-12-10,242.55000299999998,5983700,242.61999500000002,40.104338843042534,248.50600050000003,239.90924537355144,257.10275562644864,4.298377563224293,-1.3856385141588974,-1.6481961775862146,-1.3665727087576367
2018-12-11,242.61999500000002,4543200,243.960007,40.22319721051106,247.87000045000005,239.51090195194882,256.2290989480513,4.179549249025606,-1.2561176187178522,-1.9349636199912936,-1.4802508910043681
2018-12-12,243.960007,4117000,243.88000499999998,42.57281329357887,247.5475006,239.1079633356633,255.9870378643367,4.219768632168356,-0.8501635783184063,-2.030692554981158,-1.5903392237997263
2018-12-13,243.88000499999998,2610800,239.38000499999998,42.46549413831645,247.24200059999998,238.73615511101255,255.74784608898742,4.252922744493722,-0.7905141480297969,-2.0889339877512043,-1.6900581765900218
2018-12-14,239.38000499999998,5088500,233.229996,36.8399978268975,246.79700089999997,237.64801104440767,255.94599075559228,4.574494927796158,-1.6213802872382364,-2.4697335833658656,-1.8459932579451905
2018-12-17,233.229996,6127200,233.13999900000002,30.829168523756138,245.91600039999997,235.2329894865482,256.59901131345174,5.341505456725886,-2.3749866966860593,-3.2305347413732193,-2.1229015546307966
2018-12-18,233.13999900000002,4691400,229.419998,30.750100968649704,244.9985001,233.2856510924645,256.7113491075355,5.856424503767752,-2.0248704806782323,-3.7969680618476502,-2.4577148560741673
2018-12-19,229.419998,8215600,225.649994,27.59921337930021,244.10349964999995,230.63328081993205,257.57371848006784,6.735109415033953,-2.180143000679957,-4.4942367766142866,-2.8650192401821912
2018-12-20,225.649994,12141900,221.16000400000001,24.82316543228876,243.24749915,227.55461605188455,258.94038224811544,7.846441549057727,-2.242737047103,-5.290054615515572,-3.3500263152488676
2018-12-21,221.16000400000001,11811600,215.07000699999998,21.986693866581533,242.12649925000005,223.72026678381837,260.53273171618173,9.20311623309084,-2.2781952024698593,-6.211448938124676,-3.9223108398240294
2018-12-24,215.07000699999998,8493500,225.94999700000002,18.841836879250337,240.77949985000004,218.91766543493944,262.6413342650606,10.930917207530298,-2.3519977657765825,-7.348365060532103,-4.607521683965644
2018-12-26,225.94999700000002,11598000,228.05000299999998,36.35616283150117,239.78699955000002,217.13879173592946,262.4352073640706,11.32410390703528,-1.2219070633397788,-7.287449828110198,-5.143507312794555
2018-12-27,228.05000299999998,9578400,227.75999500000003,39.08851774076818,238.86099935000001,215.88577375160125,261.8362249483988,11.487612799199386,-0.9411003433849631,-6.9891545112199935,-5.512636752479643
2018-12-28,227.75999500000003,7436100,229.809998,38.840524430843885,237.632499,215.04516201893648,260.2198359810635,11.293668490531763,-0.874162722969666,-6.698933410964457,-5.749896084176606
2018-12-31,229.809998,6683900,229.99000499999997,41.658254479273864,236.53249899999997,214.68333881714352,258.3816591828564,10.924580091428227,-0.6153555508531311,-6.231678082719071,-5.846252483885099
2019-01-02,229.99000499999997,4891300,224.5,41.91132797232355,235.35799944999994,214.79139256993037,255.9246063300695,10.28330344003478,-0.5220107022322599,-5.780219041128305,-5.8330457953337405
2019-01-03,224.5,3329600,231.91000400000001,36.68471418218369,233.75250019999993,215.15345023393766,252.3515501660622,9.29952498303113,-0.9949433134362231,-5.798589489555724,-5.826154534178137
2019-01-04,231.91000400000001,5100100,233.649994,46.40054128783884,232.9155007,215.61190913254572,250.21909226745427,8.65179578372714,-0.11621826556414845,-5.15579006892699,-5.692081641127908
2019-01-07,233.649994,3706000,235.919998,48.40275624943771,232.1970002,216.3279107064947,248.0660896935053,7.934544746752655,0.18312251633525206,-4.4546142257686085,-5.444588158056049
2019-01-08,235.919998,3546600,237.00999500000003,50.97567726681457,231.88000035000005,216.5847260671349,247.17527463286518,7.647637141432574,0.5282674341480543,-3.6734121580431633,-5.090352958053471
2019-01-09,237.00999500000003,4565000,238.0,52.208038894354935,231.60299995,216.90156885594388,246.30443104405612,7.350715547028055,0.7355739744528844,-2.93254568152841,-4.658791502748459
2019-01-10,238.0,2813500,237.88999900000002,53.35494777833687,231.37200020000006,217.23594280704657,245.50805759295355,7.068028696476738,0.9377437592045796,-2.239700656549303,-4.174973333508627
2019-01-11,237.88999900000002,2551000,236.580002,53.2021745074499,231.0684998,217.7920188175384,244.34498078246162,6.63824049123081,1.027606518475985,-1.680124712117788,-3.6760036092304595
2019-01-14,236.580002,2653400,239.350006,51.317666743065224,230.70349964999997,218.49774506284476,242.90925423715518,6.10287729357761,0.9629068498860696,-1.327064975459308,-3.2062158824762297
2019-01-15,239.350006,5103700,239.88000499999998,54.95133481891094,230.7019997,218.5005038311787,242.90349556882128,6.100747934410646,1.4175321440870918,-0.8143589940264633,-2.7278445047862765
2019-01-16,239.88000499999998,4066700,241.669998,55.633683843957876,231.03450014999993,218.22812367424908,243.84087662575078,6.4031882378754315,1.3814219606536164,-0.3611067066471776,-2.254496945158457
2019-01-17,241.669998,3059000,244.919998,57.95027186531137,231.4610001,217.85909554838423,245.06290465161578,6.800952275807882,1.5011130038825722,0.1409121248510985,-1.775415131156546
2019-01-18,244.919998,4943300,241.66000400000001,61.84570359683316,232.2360001,217.47100452224024,247.0009956777598,7.382497788879887,1.718117399114652,0.7918851452574245,-1.2619550758737519
2019-01-22,241.66000400000001,5786300,242.020004,56.21971122488866,233.03650060000004,218.0522033244899,248.02079787551017,7.492148637755064,1.1510053813593197,1.0328259088777259,-0.8029988789234563
2019-01-23,242.020004,3076400,242.25999500000003,56.68827154025646,234.0795006,219.65354478381713,248.50545641618285,7.2129779080914345,1.100863402214562,1.238545015316646,-0.3946901000754359
2019-01-24,242.25999500000003,2197100,244.32000699999998,57.01852345948002,235.439,223.52987849268231,247.34812150731767,5.954560753658846,1.145507667514989,1.404751061497393,-0.034801867760870187
2019-01-25,244.32000699999998,3677500,242.42999300000002,59.848611105065395,236.35750050000007,224.68621848464016,248.02878251535998,5.835641007679957,1.3644613315865215,1.6832923562373026,0.3088169770387644
2019-01-28,242.42999300000002,2407800,242.13000499999998,56.19283608626786,237.07649999999998,225.77503492470674,248.37796507529322,5.650732537646618,0.9473980522584833,1.7315695489111818,0.5933674914132478
2019-01-29,242.13000499999998,2436900,245.960007,55.61218017652448,237.79500049999996,227.14576247805343,248.4442385219465,5.32461901097327,0.8141436018363394,1.7257299072862793,0.8198399745878542
2019-01-30,245.960007,6028400,248.00999500000003,61.134059172055025,238.60250094999998,228.04885438660406,249.1561475133959,5.276823281697952,1.3943059407577028,2.0070154768703787,1.0572750750443591
2019-01-31,248.00999500000003,5308100,248.22000099999997,63.73453780217434,239.50350044999996,228.96796880933366,250.03903209066627,5.267765820333156,1.61482017996428,2.3680557439021186,1.319431208815911
2019-02-01,248.22000099999997,3718500,249.99000499999997,64.00027257268368,240.68950049999995,231.99780827730356,249.38119272269634,4.345846111348194,1.732804224322582,2.640688275121846,1.583682622077098
2019-02-04,249.99000499999997,2541700,251.100006,66.24527574991104,241.59350054999996,232.98184482274968,250.20515627725024,4.305827863625135,1.9500325409968615,2.9653928477284808,1.8600246672073748
2019-02-05,251.100006,3613300,250.789993,67.60945008427362,242.46600114999995,233.7155465853,251.21645571469992,4.375227282349978,1.9733843050463526,3.2745444547823865,2.1429286247223773
2019-02-06,250.789993,2052200,248.330002,66.79748631912761,243.20950089999997,234.28498275100787,252.13401904899206,4.46225907449605,1.698801430720639,3.4547101246418777,2.4052849247062777
2019-02-07,248.330002,3907800,248.649994,60.5802340707887,243.77550125,235.062136215234,252.48886628476598,4.356682517382986,1.0454057030384343,3.360257049749606,2.5962793497149437
2019-02-08,248.649994,2512600,248.77999900000003,61.087594662900635,244.30800095000004,235.7716457861557,252.84435611384438,4.268177581922174,1.0172943760330937,3.273488252614584,2.731721130294872
2019-02-11,248.77999900000003,2986600,252.0,61.305494851190005,244.85250095000006,236.64000790652707,253.06499399347305,4.106246521736492,0.9564691328710259,3.1785730610972394,2.821091516455346
2019-02-12,252.0,5980500,252.75999500000003,66.33402803172089,245.62350085000003,237.77507557072954,253.4719261292705,3.924212639635246,1.624911730214667,3.324852428870315,2.92184369893834
2019-02-13,252.75999500000003,3569100,252.19999700000002,67.41051537392336,246.29400030000005,238.4127527123086,254.1752478876915,3.9406237938457322,1.6408556203965083,3.462195096739549,3.029913978498582
2019-02-14,252.19999700000002,3247800,254.979996,65.7424087512102,246.9099999,239.20645955986484,254.61354024013517,3.8517701700675775,1.3733937557097835,3.4856723311471853,3.1210656490283024
2019-02-15,254.979996,2806600,255.419998,69.74495866798951,247.57549980000005,239.50664506510168,255.6443545348984,4.034427367449186,1.8353276749363154,3.6861097161543626,3.2340744624535147
2019-02-19,255.419998,2509300,256.01001,70.33571517007016,248.1004998,239.44597444196378,256.75502515803623,4.327262679018107,1.6914846042257956,3.8362404797223064,3.3545076659072732
2019-02-20,256.01001,2156300,255.080002,71.14921828855859,248.8180001,240.03975109796613,257.5962491020339,4.389124501016941,1.6385978338809162,3.9572129414382857,3.475048721013476
2019-02-21,255.080002,2020000,256.609985,67.98442540022035,249.47099999999995,240.87146492953792,258.070535070462,4.299767535231018,1.304489592528332,3.9327068195184722,3.5665803407144754
2019-02-22,256.609985,2119400,256.98999,70.32314242849284,250.18849949999998,241.72173600725108,258.6552629927489,4.233381746374449,1.5168689914391733,3.9907396206408805,3.6514121966997566
2019-02-25,256.98999,2941300,256.799988,70.89188771139746,250.82199864999998,242.31053502088488,259.3334622791151,4.255731814557554,1.4493374156945666,4.02104218994603,3.7253381953490114
2019-02-26,256.799988,4629600,256.670013,70.16779979666325,251.5404984,243.57543938486612,259.50555741513386,3.9825295075669365,1.320640459789888,3.983802821852379,3.777031120649685
2019-02-27,256.670013,2136400,256.070007,69.64376115463281,252.26749879999997,245.2761503186125,259.25884728138743,3.495674240693724,1.259417753733919,3.8988588403334177,3.8013966645864317
2019-02-28,256.070007,2207000,257.829987,67.15056983220424,252.7729988,246.23145802209467,259.31453957790535,3.270770388952674,1.0080219055229043,3.740012121589672,3.7891197559870795
2019-03-01,257.829987,2867000,256.839996,70.48797698794905,253.26399840000005,246.75210019660167,259.7758966033984,3.255949101699185,1.4023525729002067,3.713335608367771,3.773962926463218
2019-03-04,256.839996,3384200,256.540009,66.40133705857616,253.69499815000003,247.43952495557082,259.9504713444292,3.127736597214605,1.0055187680448283,3.5711443503350324,3.7333992112375816
2019-03-05,256.540009,2475900,254.899994,65.16839066219335,254.02249835000003,247.89262544257068,260.15237125742937,3.0649364537146737,0.8213908144649342,3.395113554436591,3.6657420798773837
2019-03-06,254.899994,2514900,252.850006,58.74627965324278,254.21249775,248.22277737345263,260.2022181265474,2.994860188273693,0.22955871285472923,3.0876795285396668,3.5501295696098403
2019-03-07,252.850006,6441200,252.33999599999999,51.86592084749593,254.31549840000002,248.49631609879702,260.134680701203,2.909591150601506,-0.5036764013036855,2.648093376870719,3.3697223310620164
2019-03-08,252.33999599999999,4522300,256.019989,50.287922764070224,254.51599810000002,249.28939589097047,259.74260030902957,2.613301104514777,-0.8326641335897882,2.232826011581693,3.142343067165952
2019-03-11,256.019989,1884200,256.929993,59.79341391399066,254.88449784999997,250.37399906453894,259.39499663546104,2.2552493927305215,0.5034880637414785,2.1755894716933426,2.94899234807143
2019-03-12,256.929993,2271900,258.679993,61.74155735591427,255.29199754999996,251.6775537322806,258.9064413677193,1.8072219088596817,0.9063609963834504,2.1785458980293697,2.794903058063018
2019-03-13,258.679993,1974300,258.589996,65.2305567872648,255.62599719999997,252.05581035521828,259.19618404478166,1.7850934223908426,1.71083247615675,2.2956365921896804,2.6950497648883505
2019-03-14,258.589996,1557500,259.850006,64.90275492975358,255.91749724999994,252.3790499852733,259.4559445147266,1.7692236323633266,1.5105488651144259,2.3540339669057175,2.626846605291824
2019-03-15,259.850006,3151200,260.77999900000003,67.37473526510307,256.29999769999995,252.79794886249553,259.8020465375044,1.751024418752211,2.02738937388995,2.4734739161344805,2.5961720674603552
2019-03-18,260.77999900000003,1830000,260.859985,69.10438890164981,256.58999785000003,252.641131285495,260.53886441450504,1.9744332822525175,2.1221285052589214,2.613051962782265,2.5995480465247374
2019-03-19,260.859985,4061800,259.929993,69.25535988925093,256.8619972,252.54107245162763,261.18292194837244,2.160462374186202,1.8505241506489687,2.6990102618620426,2.6194404895921983
2019-03-20,259.929993,3415200,261.429993,65.26227249162591,257.05799635,252.5575440147491,261.5584486852509,2.2502261676254363,1.2763146617527423,2.6614111598663044,2.62783462364702
2019-03-21,261.429993,2968300,256.459991,68.42456141446205,257.37549590000003,252.59101829250096,262.1599735074991,2.39223880374954,1.6948546665345727,2.7212818217230392,2.6465240632622242
2019-03-22,256.459991,4317400,256.230011,51.64797993518875,257.3679962,252.57827497100965,262.15771742899034,2.3948606144951734,-0.37914741029360266,2.340709880764962,2.585361226762772
2019-03-25,256.230011,2893600,258.079987,51.02454834229809,257.32999724999996,252.51688203256828,262.14311246743165,2.406557608715845,-0.45707871110840853,1.9975202417719515,2.4677930297646076
2019-03-26,258.079987,3177600,256.880005,55.660964556293195,257.3939972,252.5767356245947,262.2112587754053,2.4086307877026525,0.28480487898035695,1.8534521400905533,2.3449248518297967
2019-03-27,256.880005,2714300,257.880005,52.208430849338804,257.4044968,252.59268060531446,262.21631299468555,2.4059080973427682,-0.21800159390098978,1.623731249712364,2.2006861314063104
2019-03-28,257.880005,1716700,259.540009,54.72855264496645,257.4949967,252.71902945050692,262.2709639494931,2.3879836247465445,0.16122736186720932,1.5050185150888638,2.0615526081428213
2019-03-29,259.540009,2831100,262.52999900000003,58.62855400683766,257.58049780000005,252.72307124090136,262.4379243590987,2.4287132795493367,0.8068104277683826,1.527280725681976,1.9546982316506525
2019-04-01,262.52999900000003,3303900,262.619995,64.55203468375808,257.86499795000003,252.567765155584,263.1622307444161,2.6486163972080203,1.761297353183159,1.7658354408112586,1.9169256734827738
2019-04-02,262.619995,1512600,263.109985,64.71578978245768,258.16899725,252.52436322942683,263.8136312705732,2.8223170102865907,1.5770722189524786,1.9397929704332455,1.921499132872868
2019-04-03,263.109985,1937500,263.73999,65.64630956393545,258.5794968000001,252.75427154740777,264.4047220525924,2.9126126262961574,1.5554722791135966,2.093066100815861,1.9558125264614667
2019-04-04,263.73999,1738500,265.01001,66.85658421468642,259.12399600000003,253.51079221105482,264.73719978894525,2.8066018944726068,1.6446914003339055,2.239556090707481,2.0125612393106698
2019-04-05,265.01001,1505000,265.23999,69.21137375530132,259.75749670000005,254.50133220578317,265.0136611942169,2.6280822471084364,1.998610700170851,2.430117580329579,2.0960725075144517
2019-04-08,265.23999,1720100,263.829987,69.63213266334253,260.21849675000004,254.74173358173513,265.695259918265,2.738381584132459,1.833744894830201,2.5700702279784764,2.190872051607257
2019-04-09,263.829987,2016900,264.73999,63.869131968016674,260.56349645,255.08950735504567,266.03748554495434,2.7369945474771704,1.1934589175601056,2.5379523168433025,2.260288104654466
2019-04-10,264.73999,2990600,264.690002,65.83445865898881,260.8664963,255.1764678641585,266.5565247358415,2.8450142179207503,1.361502405014653,2.556459009636569,2.319522285650887
2019-04-11,264.690002,1567700,266.480011,65.62329362769506,261.1714966,255.34984122432797,266.99315197567205,2.910827687836012,1.2087645774098477,2.5378374725414687,2.363185323029003
2019-04-12,266.480011,1903400,266.299988,69.4073683739997,261.50299685,255.27893875291298,267.727054947087,3.11202904854351,1.5992826777530698,2.6371194651587757,2.4179721514549577
2019-04-15,266.299988,1584500,266.48999,68.5896356063463,261.77899629999996,255.2267542371082,268.3312383628917,3.2761210314458777,1.3799831131405844,2.670491049515249,2.468475931067016
2019-04-16,266.48999,2447700,265.839996,69.00470098931511,262.06049655,255.21325751064185,268.90773558935814,3.4236195196790673,1.293804239793334,2.681360785982406,2.5110529020500945
2019-04-17,265.839996,1872400,266.339996,65.80128194771223,262.3559967,255.39291439036816,269.3190790096318,3.481541154815909,1.0007060508765449,2.6074687699839387,2.530336075636863
2019-04-18,266.339996,2788900,266.600006,67.06777128372707,262.60149685,255.4428386328405,269.7601550671595,3.5793291085797363,1.0444692389528318,2.5597474609255073,2.536218352694592
2019-04-22,266.600006,1126500,268.899994,67.73688923300652,263.10849759999996,256.3355968409815,269.8813983590184,3.3864503795092182,1.0310230503085211,2.5139295981483656,2.5317606017853467
2019-04-23,268.899994,2618300,268.369995,72.96886820049271,263.74199675,257.298979558631,270.185013941369,3.2215085956844924,1.6011123660851336,2.6328584680733798,2.5519801750429534
2019-04-24,268.369995,1393400,268.269989,70.14596111473783,264.25649715,258.06572736261023,270.4472669373897,3.0953848936948587,1.3289132018376875,2.6537531500024443,2.5723347700348516
2019-04-25,268.269989,1237400,269.5,69.59882351323003,264.8259963500001,259.40682581536515,270.245166884635,2.7095852673174776,1.2710405136685445,2.6319037395479654,2.584248563937474
2019-04-26,269.5,2172600,269.839996,72.44559466815566,265.4069961,260.63865579097813,270.1753364090219,2.3841701545109526,1.7167415220997735,2.6829125861771104,2.6039813683854014
2019-04-29,269.839996,1892500,270.01001,73.19283875729133,265.92199545000005,261.5950840715445,270.24890682845563,2.1634556892277765,1.8109918171693276,2.7194244678816517,2.627069988284651
2019-04-30,270.01001,2024600,268.040009,73.57869126975406,266.295996,261.91377041928797,270.67822158071203,2.1911127903560117,1.6950355163581368,2.7306024211500812,2.647776474857737
2019-05-01,268.040009,2669400,267.51001,62.375297937163545,266.5669967,262.46628272301035,270.66771067698966,2.050356988494839,0.7184174796220864,2.551091023612287,2.628439384608647
2019-05-02,267.51001,3009000,270.049988,59.7398471040963,266.78699795,262.9909576763622,270.5830382236378,1.8980201368189078,0.3809295992042501,2.3390968058990325,2.570570868866724
2019-05-03,270.049988,1969000,268.980011,66.9473954095867,267.10249785,263.3230362037748,270.88195949622525,1.8897308231126027,1.5597407387074904,2.348967423862746,2.5262501798659285
2019-05-06,268.980011,3966900,264.619995,61.91861634763997,267.30099789999997,263.56522069825303,271.0367751017469,1.867888600873484,0.8988828879917465,2.244577663875816,2.469915676667906
2019-05-07,264.619995,4752500,264.100006,46.56829340525833,267.26999815,263.45683778617035,271.08315851382963,1.9065801819148152,-1.389924837747199,1.7894040380868432,2.3338133489516935
2019-05-08,264.100006,2662500,263.290009,45.131267614899066,267.2834990999999,263.51753341222934,271.0494647877705,1.8829828438852798,-1.690664952332333,1.3709138522056037,2.1412334496024754
2019-05-09,263.290009,3094800,264.519989,42.909971761589645,267.21100004999994,263.20385916903945,271.21814093096043,2.0035704404802317,-1.9570018456950915,0.9627988307635178,1.905546525834684
2019-05-10,264.519989,3131900,258.02999900000003,47.16271071877125,267.20249939999997,263.17334181356995,271.23165698643,2.0145787932150077,-1.331549011155337,0.730196590821663,1.67047653883208
2019-05-13,258.02999900000003,5548200,260.269989,33.13637736011857,266.77999880000004,261.1017386220707,272.4582589779294,2.839130088964669,-3.081929860843689,0.021917039974596264,1.3407646390605832
2019-05-14,260.269989,4702600,261.809998,39.79196748335161,266.47849885000005,260.129562465498,272.8274352345021,3.174468192251025,-1.9557637607317049,-0.35456394191385243,1.001698922865696
2019-05-15,261.809998,2444100,264.209991,43.924636516400675,266.24449925000005,259.5774966557874,272.9115018442127,3.3335012971063094,-1.3302833431771777,-0.5226373386422551,0.6968316705641059
2019-05-16,264.209991,3221500,262.609985,49.717155044399505,266.162999,259.4386050037912,272.8873929962088,3.362196998104403,-0.5808725666881243,-0.45691036070985547,0.4660832643093136
2019-05-17,262.609985,2719500,260.820007,46.284521574346925,265.97649845,259.0774506240399,272.8755462759601,3.4495239129800668,-0.9759356754514161,-0.527843715768995,0.26729786829365193
2019-05-20,260.820007,2762600,263.02999900000003,42.730123408581335,265.6874985,258.44160963097306,272.93338736902695,3.6229444345134705,-1.3435181212360188,-0.7201932365045991,0.06979964733400174
2019-05-21,263.02999900000003,2760500,262.309998,48.036037894145174,265.39399875,258.2171768670016,272.57082063299833,3.5884109414991845,-0.6587873542187741,-0.6863914395138977,-0.08143857003557815
2019-05-22,262.309998,3421500,259.23999,46.523745554670505,265.09099890000005,257.93066105230866,272.2513367476914,3.5801689238456835,-0.7767792411908852,-0.7095224026748497,-0.20705533656343245
2019-05-23,259.23999,3813200,259.690002,40.64757602989531,264.63949895,257.20440011460596,272.0745977853941,3.717549417697017,-1.4524377064891796,-0.9644601498503107,-0.3585362992208081
2019-05-24,259.690002,1833100,257.359985,41.8078310606915,264.14899905000004,256.767065427657,271.5309326723431,3.6909668111715446,-1.2080837564033058,-1.1173083090350246,-0.5102907011836515
2019-05-28,257.359985,2565900,255.58999599999999,37.6986056469483,263.5249985,256.06335723575285,270.9866397642471,3.7308206321235757,-1.6524550783592276,-1.4101985840767952,-0.6902722777622803
2019-05-29,255.58999599999999,4593500,256.299988,34.8929391749372,262.80399780000005,255.20278076437418,270.4052148356259,3.8006085178129263,-1.8981175688548384,-1.7647960863565118,-0.9051770394811267
2019-05-30,256.299988,2977200,252.86999500000002,36.92091924219503,262.21699675,254.51131796547503,269.922675534525,3.852839392262492,-1.5357527650602139,-1.9658654675003504,-1.1173147250849715
2019-05-31,252.86999500000002,3698600,252.11999500000002,31.77211704674164,261.484996,253.17209785144547,269.7978941485546,4.156449074277273,-2.0726829190125446,-2.3746131083680098,-1.3687744017415793
2019-06-03,252.11999500000002,3825600,257.670013,30.761934055055008,260.58849634999996,252.2964362746973,268.88055642530264,4.146030037651334,-2.0425566802688246,-2.7276249283256675,-1.6405445070583968
2019-06-04,257.670013,3536300,259.850006,44.75890313521644,260.02299645,252.60011930340508,267.4458735965949,3.7114385732974564,-0.6339815151270264,-2.5303806171435212,-1.8185117290754218
2019-06-05,259.850006,2646500,261.540009,49.11062918098943,259.784497,252.66753956101965,266.90145443898035,3.5584787194901706,0.018409271254376254,-2.173105654056087,-1.889430514071555
2019-06-06,261.540009,2277500,264.149994,52.25099770287904,259.65649715,252.76612791225446,266.5468663877455,3.445184618872772,0.54670853912504,-1.7336095815055046,-1.8582663275583449
2019-06-07,264.149994,1877400,265.390015,56.695487440595095,259.69949640000004,252.70895896673773,266.69003383326236,3.4952687166311605,1.2732919728957106,-1.1613148855583972,-1.7188760391583555
2019-06-10,265.390015,2845900,265.339996,58.66410201056213,259.74299770000005,252.62337588704585,266.86261951295427,3.5598109064770997,1.5863250741001926,-0.6007824384709579,-1.4952573190208762
2019-06-11,265.339996,1894500,264.839996,58.54848178119062,260.10849755,252.6363452976102,267.58064980238976,3.736076126194881,1.4002654853096317,-0.1587624364682938,-1.2279583425103597
2019-06-12,264.839996,1711900,266.019989,57.33207524683323,260.33699790000003,252.58481051437275,268.0891852856273,3.8760936928136394,1.161736133558539,0.1494727495618804,-0.9524721240959118
2019-06-13,266.019989,1813700,265.619995,59.472064993685024,260.54749745,252.42687550772894,268.668119392271,4.060310971135517,1.3478010893509416,0.48339465600082576,-0.6652987680765643
2019-06-14,265.619995,1203300,265.859985,58.402758361146695,260.61799765,252.34830031003125,268.8876949899688,4.134848669984384,1.2097171503059871,0.7075972589828439,-0.39071956266468266
2019-06-17,265.859985,1782500,268.51001,58.88046555716504,260.78049765000003,252.23740964567241,269.32358565432764,4.271544002163812,1.1891455050976598,0.8943352840088323,-0.1337085933299797
2019-06-18,268.51001,2340700,269.22000099999997,63.821214063919854,261.1649978,251.98122127700577,270.3487743229942,4.591888261497102,1.599562485347876,1.2418461550803954,0.1414023563520953
2019-06-19,269.22000099999997,1684500,271.730011,65.03344391706626,261.4744979,251.66432158191577,271.28467421808426,4.905088159042126,1.5790752069810923,1.5565978728136542,0.4244414596444071
2019-06-20,271.730011,3288100,271.410004,68.98937564453077,261.94549854999997,251.16367631773636,272.7273207822636,5.390911116131801,1.815001627595153,1.9856879323161252,0.7366907541787507
2019-06-21,271.410004,2226000,271.059998,67.93413218318133,262.55399924999995,251.0989560104341,274.0090424895658,5.727521619782922,1.5462193489434122,2.2737130566292763,1.044095214668856
2019-06-24,271.059998,3518400,268.380005,66.73185570208332,263.12249905,251.17448020052868,275.0705178994713,5.974009424735656,1.3286719831968203,2.4455418001039675,1.3243845317558782
2019-06-25,268.380005,2287100,268.119995,58.23354846463542,263.67350005,251.82328038339102,275.5237197166089,5.925109833304471,0.7943321022582907,2.3385074219133912,1.527209109787381
2019-06-26,268.119995,2988700,267.670013,57.46888025321708,264.3,252.90950601069966,275.69049398930036,5.695246994650169,0.6707338599341378,2.2072573829103703,1.663218764411979
2019-06-27,267.670013,2054600,269.149994,56.096034585886194,264.86850125,254.0093144591171,275.7276880408829,5.4295933954414535,0.5159708188005481,2.0433762254816656,1.7392502566259163
2019-06-28,269.149994,2883300,271.440002,59.52105997709835,265.68250120000005,256.18803124784955,275.17697115215054,4.747234976075247,0.7304236713529352,2.0097541309095277,1.7933510314826386
2019-07-01,271.440002,4497900,272.230011,64.17776064300006,266.64850155000005,259.14824947591075,274.14875362408935,3.7501260370446423,1.2776905103104153,2.143187553898258,1.8633183359657626
2019-07-02,272.230011,3040700,274.320007,65.64603035793547,267.37650145000003,260.72504717466506,274.027955725335,3.3257271376674966,1.4593829707280108,2.2863262806968123,1.9479199249119725
2019-07-03,274.320007,2335800,273.97000099999997,69.2382452895949,268.1000015000001,261.73911619995937,274.4608868000408,3.180442650020361,1.955704341960098,2.5391403341065484,2.066164006750888
2019-07-05,273.97000099999997,3362500,272.600006,67.95670455714128,268.7215011,262.6222803878875,274.82072181211254,3.049610356056256,1.7210395057771561,2.68035724393917,2.1890026541885446
2019-07-08,272.600006,3131800,272.940002,63.03835481661461,269.1440017,263.2013347157365,275.0866686842635,2.9713334921317545,1.1631155873791,2.6511645408856452,2.281435031527965
2019-07-09,272.940002,2532900,274.209991,63.739741478212125,269.52150105,263.62161051918343,275.42139158081653,2.9499452654082625,1.1588353825022242,2.6252022517026035,2.350188475562893
2019-07-10,274.209991,2853200,274.76001,66.31132686998717,269.9650008,264.05557351233216,275.8744280876678,2.9547136438339225,1.4366841297324102,2.676254255884487,2.415401631627212
2019-07-11,274.76001,2249400,276.109985,67.38998415249486,270.46100149999995,264.69189828578686,276.23010471421304,2.8845516071065416,1.4903558977446596,2.729629800404382,2.478247265382646
2019-07-12,276.109985,2932300,276.179993,69.93447602518506,270.96550129999997,265.07464769334274,276.8563549066572,2.9454268033286275,1.7466004227931387,2.848031668043575,2.552204145914832
2019-07-15,276.179993,1466200,275.27999900000003,70.06492391339229,271.49350119999997,265.7219920512008,277.26501034879914,2.8857545743995923,1.6240091383984459,2.91392514647265,2.624548346026396
2019-07-16,275.27999900000003,1564000,273.420013,66.094729861799,271.9645019,266.58461682875367,277.34438697124637,2.6899425356231705,1.232553133047478,2.860549573772005,2.6717485915755175
2019-07-17,273.420013,1758100,274.420013,58.692713926119275,272.21000205,267.03901744934313,277.3809866506569,2.5854923003284456,0.4680002140583657,2.6377572980234163,2.6649503328650974
2019-07-18,274.420013,3464700,272.950012,61.20807058107271,272.47000264999997,267.40468045726107,277.5353248427389,2.5326610963694383,0.7699452377561875,2.5129171127728682,2.6345436888466516
2019-07-19,272.950012,2319400,273.609985,55.82642558276792,272.5310027,267.47341739091655,277.5885880090834,2.528792654541714,0.1656953958828876,2.26920558173299,2.561476067423919
2019-07-22,273.609985,1304100,275.48999,57.62770690481773,272.64100175000004,267.59003323511945,277.69197026488064,2.5254842574403042,0.38368215804364614,2.1050510251434957,2.470191058967835
2019-07-23,275.48999,1753000,276.76001,62.33888667475459,272.86250135,267.72056913678097,278.00443356321904,2.570966106609506,1.0219849430317887,2.1024226286686485,2.3966373729079975
2019-07-24,276.76001,1669900,275.410004,65.15724636158339,273.2815016,268.3058828367554,278.2571203632446,2.4878093816222853,1.3982214335616403,2.1777162481978394,2.352853147965966
2019-07-25,275.410004,1874200,277.380005,60.015872231907196,273.64600205000005,269.1959218055614,278.0960822944387,2.2250401222193226,0.792795569115624,2.104196910242649,2.3031219004213024
2019-07-26,277.380005,1796900,276.880005,64.4270250509301,274.13150165,270.3227694046827,277.94023389531736,1.9043661226586766,1.7058187033198975,2.1797679142920856,2.278451103195459
2019-07-29,276.880005,2925900,276.209991,62.541126116758235,274.5180022,271.28432301747284,277.7516813825272,1.6168395912635762,1.4608763990953746,2.1742492660197854,2.2576107357603243
2019-07-30,276.209991,1751100,273.079987,60.006313612163126,274.75650164999996,271.77205843919273,277.7409448608072,1.4922216054036124,0.9740438985313475,2.0916993590711854,2.2244284604224966
2019-07-31,273.079987,4910000,270.790009,49.843103221427384,274.79900045,271.93802405024536,277.6599768497546,1.4304881998773178,-1.2016970501031774,1.753499547540855,2.1302426778461685
2019-08-01,270.790009,6921000,268.809998,43.97484296134617,274.62250055,271.27151671754734,277.9734843824526,1.6754919162263209,-2.2873828950675184,1.2858689767118108,1.961367937619297
2019-08-02,268.809998,5310400,260.880005,39.630223068625824,274.36450039999994,270.1651287348624,278.5638720651375,2.0996858325687766,-2.645396903595096,0.7468883759002551,1.7184720252754888
2019-08-05,260.880005,7354000,264.23999,27.788737504496268,273.77850034999994,266.56706683865434,280.98993386134555,3.605716755672796,-3.5772347702317546,-0.3164934552301588,1.3114789291743594
2019-08-06,264.23999,4366800,264.420013,36.45286555918613,273.34349975,265.0186038801781,281.66839561982187,4.16244793491095,-2.1870567253581177,-0.8779876140333727,0.8735856205328131
2019-08-07,264.420013,4261200,269.579987,36.88977856025849,272.85400085,263.6822498563678,282.0257518436322,4.585875496816087,-1.8391227271336958,-1.2935383240468923,0.44016083161687203
2019-08-08,269.579987,3618800,267.700012,47.9386647698421,272.59499969999996,263.3608268042605,281.8291725957394,4.617086447869723,-0.6530119663215401,-1.1927492071167762,0.11357882387014237
2019-08-09,267.700012,2616300,264.559998,44.857312895831356,272.17450105,262.85335148599296,281.49565061400705,4.660574782003524,-0.9600723643096357,-1.2501603068768077,-0.15916900227924763
2019-08-12,264.559998,2104500,268.660004,40.20854451883577,271.5935013,261.90222044843154,281.2847821515685,4.845640425784226,-1.4515116025889794,-1.5313791194309374,-0.43361102570958554
2019-08-13,268.660004,3402300,260.570007,47.81355716083581,271.26250155,261.64555247925114,280.8794506207489,4.808474535374431,-0.5412314302289126,-1.4071896293302188,-0.6283267464337122
2019-08-14,260.570007,4354800,261.390015,37.64025537409794,270.62000125000003,260.00070750246874,281.2392949975313,5.309646873765638,-1.892780158254202,-1.939209708261842,-0.8905033387993382
2019-08-15,261.390015,2775200,265.22000099999997,39.0557175010843,269.96850135000005,258.77823314085657,281.15876955914354,5.595134104571737,-1.5332047793082635,-2.268521556903238,-1.1661069824201182
2019-08-16,265.22000099999997,2432700,268.480011,45.300806463461896,269.5820008,258.2967740917968,280.8672275082032,5.642613354101608,-0.7730460207466285,-2.195151369292887,-1.371915859794672
2019-08-19,268.480011,1430800,266.399994,49.997614535970975,269.3255021,258.185882695195,280.465121504805,5.569809702402483,-0.1517989204613776,-1.8525938562729607,-1.4680514590903297
2019-08-20,266.399994,1865000,268.559998,47.21208537173161,268.8710023,258.03696438581994,279.70504021418003,5.417018957090032,-0.4561564800813241,-1.7290234417271222,-1.5202458556176883
2019-08-21,268.559998,2007400,268.459991,50.308189782435825,268.4610017,258.2494380687689,278.6725653312311,5.1057818156155435,0.019389058047337544,-1.4401970321344493,-1.5042360909210406
2019-08-22,268.459991,1883700,261.570007,50.161495867506815,268.11350104999997,258.4111673823249,277.81583471767505,4.851166833837544,0.07142404330092711,-1.2054737991814477,-1.444483632573122
2019-08-23,261.570007,4184200,264.47000099999997,41.23954595538488,267.32300115,258.21116478093006,276.4348375190699,4.555918184534967,-1.2627518574693692,-1.5574645904669069,-1.4670798241518792
2019-08-26,264.47000099999997,2260000,263.429993,45.62348251669193,266.70250094999994,258.64979100382016,274.75521089617973,4.026354973089882,-0.5544717157133128,-1.584153414517175,-1.4904945422249383
2019-08-27,263.429993,2490400,265.26001,44.345705847924165,266.06350104999996,259.1877289308198,272.9392731691801,3.4378860595900806,-0.7660254017592255,-1.6699740326247365,-1.526390440304898
2019-08-28,265.26001,3124000,268.709991,47.15055849812454,265.67250219999994,259.59404627861113,271.75095812138875,3.039227960694394,-0.1357226918594393,-1.5721971034197963,-1.5355517729278776
2019-08-29,268.709991,3128700,268.600006,52.05614138795664,265.5685013,259.77955889988243,271.3574437001175,2.8944712000587876,1.085341495170592,-1.2024623115536315,-1.4689338806530285
2019-08-30,268.600006,4209200,267.109985,51.890777060194004,265.5580017,259.79189754524515,271.3241058547548,2.883052077377403,1.0551333164842518,-0.9078545138060008,-1.3567180072836231
2019-09-03,267.109985,3368500,269.97000099999997,49.59236298748299,265.8695007,260.48760229672905,271.25139910327096,2.690949201635466,0.4609839157298354,-0.7855525923363871,-1.242484924294176
2019-09-04,269.97000099999997,1486100,273.540009,53.82049133827139,266.15600125000003,260.5463435349245,271.76565896507554,2.804828857537749,1.3597976717011175,-0.45263040779656194,-1.084514020994653
2019-09-05,273.540009,1755800,273.73999,58.49985547563998,266.61200105,260.21368100021425,273.01032109978576,3.1991600248928735,2.1655709298980703,0.09815120582061354,-0.8479809756315998
2019-09-06,273.73999,1890800,273.809998,58.75199718316959,266.82000120000004,259.8082039707388,273.83179842926126,3.5058986146306004,1.9738131533872287,0.5445096300982755,-0.5694828544856247
2019-09-09,273.809998,2158500,273.869995,58.84626164470162,267.1255005,259.4829153126271,274.7680856873729,3.8212925936864557,1.7492765435036708,0.8936000920810443,-0.27686626517229096
2019-09-10,273.869995,1870400,275.839996,58.93287918946569,267.59100035,259.50869693442246,275.67330376557754,4.041151707788778,1.5537636555188203,1.1617066239241467,0.010848312646996539
2019-09-11,275.839996,2080300,276.649994,61.777578511084144,267.94999995,259.10756036941723,276.7924395305828,4.421219790291393,1.7845744894487516,1.5156738540129595,0.3118134209201891
2019-09-12,276.649994,2433700,276.579987,62.915053747630445,268.7539993,259.81821740792964,277.6897811920703,4.467890946035177,1.767275610656288,1.8403411954897706,0.6175189758341054
2019-09-13,276.579987,2292000,275.670013,62.74126596785607,269.51349790000006,260.6284312558479,278.39856454415224,4.442533322076089,1.5906440284611385,2.068153041997391,0.9076457890667625
2019-09-16,275.670013,1432400,276.420013,60.40558274516128,270.0359985,260.99464382980443,279.0773531701956,4.5206773350978,1.2462766267918326,2.1504788927711616,1.1562124098076425
2019-09-17,276.420013,1789200,276.589996,61.67204789045473,270.4329986,261.0105484535743,279.85544874642574,4.711225073212873,1.2707977876160037,2.250301381066606,1.3750302040594353
2019-09-18,276.589996,2028700,276.52999900000003,61.96895897392101,270.9424987,261.3470360467312,280.53796135326877,4.7977313266343815,1.1771182910239637,2.316425320545193,1.5633092273565867
2019-09-19,276.52999900000003,2267900,275.049988,61.787023745968135,271.34099875,261.51519270803703,281.16680479196293,4.912903020981474,1.056198387763701,2.3370477310136835,1.7180569280880063
2019-09-20,275.049988,2052700,275.23999,57.316653288559195,271.67049860000003,261.81131694583183,281.5296802541682,4.929590827084095,0.6855517057181313,2.208508312081392,1.8161472048866836
2019-09-23,275.23999,1286400,272.959991,57.739380312419755,272.35399775,263.55177949570276,281.1562160042973,4.40110912714864,0.6557420337972203,2.0977894589340735,1.8724756556961615
2019-09-24,272.959991,5124900,274.630005,51.18802587372293,272.77849725,264.753523012827,280.803471487173,4.012487118586494,0.045232232437409446,1.8052572240302425,1.8590319693629778
2019-09-25,274.630005,2649200,272.790009,55.19787243660078,273.33849784999995,266.5302294455892,280.1467662544107,3.4041342022053573,0.37939372342116556,1.6887130602277693,1.8249681875359363
2019-09-26,272.790009,2355000,271.26001,50.29544177629602,273.7149978,267.9884556817324,279.4415399182676,2.8632710591337944,-0.3230531727163214,1.4313786292118493,1.746250275871119
2019-09-27,271.26001,2836500,272.600006,46.58999375945606,273.84249875,268.46442910845485,279.22056839154516,2.689034820772573,-0.9603775786205774,1.0914001248066256,1.6152802456582203
2019-09-30,272.600006,2735200,269.320007,50.06020484494623,274.04249874999994,269.1870230092193,278.8979744907806,2.4277378703903327,-0.5941715403434408,0.9194918592492058,1.4761225683764176
2019-10-01,269.320007,3696000,264.570007,42.74000805420097,274.15299984999996,269.8663649245741,278.4396347754258,2.1433174627129175,-2.2549122722504165,0.5126750146187646,1.283433057624887
2019-10-02,264.570007,4463500,266.670013,34.80308071452485,273.88300015,268.14271321042196,279.623287089578,2.8701434697890185,-3.2447831434310146,-0.19081596068565432,0.9885832539627788
2019-10-03,266.670013,2988800,270.369995,40.099247937223616,273.53950034999997,266.99268174569244,280.0863189543075,3.2734093021537736,-2.0985726855117495,-0.5722877167140723,0.6764090598274086
2019-10-04,270.369995,1907800,269.209991,48.09896125119514,273.3710006,266.68157769607984,280.06042350392016,3.3447114519600727,-0.8972390124240258,-0.5694845430415967,0.42723033925360754
2019-10-07,269.209991,1821900,265.02999900000003,46.02372075674299,273.14100025,266.21560967774286,280.0663908222571,3.4626952861285685,-1.1352455024695556,-0.6533344036339486,0.2111173906760963
2019-10-08,265.02999900000003,2153100,267.5,39.42310815122817,272.69900044999997,264.9381396168254,280.4598612831745,3.8804304165872674,-1.9763275272810115,-1.0450299878172586,-0.040112085022574684
2019-10-09,267.5,1921200,269.320007,44.489342250387914,272.28200065,264.3467529496507,280.2172483503493,3.967623850174638,-1.2052555460340584,-1.1429677020598206,-0.26068320843002385
2019-10-10,269.320007,1559300,272.130005,47.94403465112927,271.9155013,264.1457086987077,279.6852939012923,3.8848963006461332,-0.6680987339529141,-1.0614885129102163,-0.42084426932606234
2019-10-11,272.130005,2806500,271.880005,52.82557886178031,271.6930022,264.2210967758492,279.1649076241508,3.7359527120754144,0.11697225143869484,-0.7613954215489684,-0.4889544997706436
2019-10-14,271.880005,1215500,274.51001,52.3551812899106,271.5035018,264.255784911915,278.751218688085,3.6238584440424892,0.1038956697160623,-0.5375459007212271,-0.4986727799607603
2019-10-15,274.51001,1783800,274.079987,56.721306601421524,271.40800165,264.3747718932936,278.44123140670644,3.5166148783532063,0.8821006727505638,-0.14623837413859064,-0.4281858987963264
2019-10-16,274.079987,1150800,274.820007,55.82057659777392,271.28250119999996,264.5400530235394,278.02494937646054,3.3712240882302797,0.8298130669410938,0.12770430194910887,-0.31700785864723935
2019-10-17,274.820007,3100600,273.690002,57.0835908069436,271.19700159999996,264.68340739167985,277.7105958083201,3.2567971041600567,1.1124443077440038,0.3999093695169904,-0.17362441301439338
2019-10-18,273.690002,1152200,275.600006,54.52046831370258,271.1290023,264.7507326874309,277.50727191256914,3.1891348062845517,0.8030390232966094,0.5184752273605682,-0.035204484939401065
2019-10-21,275.600006,3017500,274.630005,57.95678068612652,271.1470031,264.72057656742436,277.57342963257565,3.2132132662878288,1.3858410665484648,0.7578251475815136,0.12340144156478189
2019-10-22,274.630005,1601500,275.440002,55.65683415474425,271.2305038,264.6700202863433,277.79098731365673,3.280241756828369,1.03635690659792,0.8593348326824639,0.2705881197883183
2019-10-23,275.440002,1296500,275.890015,57.184778694737105,271.27100365,264.6177310478168,277.92427625218323,3.32663630109162,1.2532173561119213,0.9936873685002183,0.41520796953069833
2019-10-24,275.890015,2220600,277.040009,58.049633079316145,271.42600395,264.4995680940506,278.3524398059494,3.463217927974712,1.2889778070104188,1.1235237271209257,0.5568711210487438
2019-10-25,277.040009,5500900,278.649994,60.25885995452636,271.7150039,264.3706639348173,279.0593438651827,3.6721699825913428,1.4500976603055555,1.3041810938224216,0.7063331156034793
2019-10-28,278.649994,1795900,278.47000099999997,63.18216252841554,272.0175033,264.07801479190346,279.9569918080965,3.969744254048265,1.6707601990320473,1.5592911549837254,0.8769247234795285
2019-10-29,278.47000099999997,1599200,279.450012,62.62751498200374,272.475003,264.16417260080436,280.78583339919567,4.155415199597831,1.4426953052922749,1.727035594298286,1.04694689764328
2019-10-30,279.450012,1811300,278.549988,64.45703145892736,273.21900325,265.2134980070933,281.22450849290675,4.002752621453375,1.5566809491558236,1.9169554986695516,1.2209486178485345
2019-10-31,278.549988,2312100,281.200012,61.48037522811857,273.813002,266.08106814382734,281.54493585617263,3.8659669280863183,1.225304325700697,1.9721107115112773,1.371181036581083
2019-11-01,281.200012,2361900,282.320007,66.40045532854478,274.35450284999996,266.15983187541923,282.5491738245807,4.097335487290369,1.6707221488780493,2.2042472148885395,1.5377942722425744
2019-11-04,282.320007,3797500,281.959991,68.24646176258557,275.01000365,266.4759215069568,283.54408579304317,4.267041071521599,1.713131705899725,2.4503452478491567,1.7203044673638908
2019-11-05,281.959991,2995600,282.109985,66.97270051668119,275.85650324999995,268.12962302553444,283.58338347446545,3.8634401122327495,1.5798064866269517,2.5865137095949535,1.8935463158101036
2019-11-06,282.109985,1457200,283.109985,67.24698168275117,276.5870025,269.415870171539,283.758134828461,3.5855661642304923,1.540337633453018,2.675687795468775,2.0499746117418383
2019-11-07,283.109985,2689600,283.799988,69.09001230529353,277.27650140000003,270.3865435365911,284.16645926340897,3.444978931704466,1.6933292527027861,2.794833443427251,2.198946378078921
2019-11-08,283.799988,2328700,283.25,70.33059500997776,277.86000055,270.8369296566955,284.8830714433045,3.511535446652253,1.6915641434469695,2.911374193897018,2.3414319412425404
2019-11-11,283.25,1123700,283.809998,67.98826664635192,278.4285003,271.5955575687914,285.2614430312086,3.416471365604312,1.4112513128431174,2.9256293095767774,2.4582714149093876
2019-11-12,283.809998,1737600,283.929993,69.11612163422788,278.8934997,271.9260468761369,285.8609525238631,3.4837264119315416,1.411275662509348,2.9481295476782634,2.556243041463163
2019-11-13,283.929993,1721400,284.309998,69.36519116690191,279.38599999999997,272.45675439024313,286.3152456097568,3.464622804878408,1.3115404636839045,2.9417332721431535,2.6333410875991614
2019-11-14,284.309998,2244000,286.429993,70.18522386457913,279.86049954999993,272.9472269332052,286.7737721667947,3.4566363083973806,1.2872336147111247,2.933511708437436,2.693375211766816
2019-11-15,286.429993,1892400,286.609985,74.31581323693246,280.49749909999997,273.62822654736885,287.3667716526311,3.4346362763155467,1.7272553547836063,3.062756389768481,2.7672514473671495
2019-11-18,286.609985,2278500,286.47000099999997,74.63709239975206,281.04799804999993,274.07303438922315,288.0229617107767,3.4874818303883943,1.594843276754974,3.143471597195685,2.8424954773328563
2019-11-19,286.47000099999997,3212500,285.459991,73.86324557161254,281.63999784999993,274.94001581596814,288.3399798840317,3.349991017015888,1.4417958512326159,3.1597201546135807,2.9059404127890014
2019-11-20,285.459991,2816300,285.019989,68.35629982081707,282.1409973,275.8866997946079,288.39529480539204,3.1271487526960273,1.0613482000619887,3.0558717006861684,2.935926670368435
2019-11-21,285.019989,2307200,285.649994,66.04613236092626,282.597496,276.9295655370975,288.26542646290244,2.833965231451229,0.8548068879304884,2.9045843285129536,2.9296582019973387
2019-11-22,285.649994,1266500,287.820007,67.72790066425878,283.02799525000006,277.8250601387131,288.230930361287,2.6014675556434685,1.0078921585287213,2.80321046907801,2.904368655413473
2019-11-25,287.820007,2040300,288.399994,72.73694089208774,283.4864959,278.291407958349,288.68158384165105,2.597543970825517,1.6683109693895708,2.8649475368246726,2.896484431695713
2019-11-26,288.399994,1795700,289.76001,73.9028404808546,283.98299555000006,278.9037889573241,289.062202142676,2.53960329633798,1.7392474078014846,2.9269348287991193,2.9025745111163945
2019-11-27,289.76001,1631500,288.649994,76.44646552819114,284.4984954500001,279.27350069003427,289.723490209966,2.6124973799829263,2.013978881017782,3.0506362931232616,2.932186867517768
2019-11-29,288.649994,1988500,286.299988,70.41407773343113,285.0034957500001,280.24424067223225,289.762750827768,2.3796275388839496,1.532381933901337,3.0242400239399103,2.9505974988021966
2019-12-02,286.299988,4416100,284.290009,59.67747891945905,285.2584945500001,280.8050361133676,289.7119529866326,2.2267292183162395,0.4677234400271799,2.781630046386738,2.916804008319105
2019-12-03,284.290009,3236000,286.109985,52.32811796792378,285.35699465000005,281.08439192989795,289.62959737010215,2.1363013600510397,-0.49945465089932684,2.39951131130789,2.8133454689168618
2019-12-04,286.109985,3188800,286.640015,57.43914604864448,285.56449435,281.57847106411225,289.5505176358878,1.99301164294387,0.2737016875597547,2.2179689483679113,2.694270164807072
2019-12-05,286.640015,1597200,289.190002,58.823708880883636,285.79099585,282.11298118424645,289.46901051575355,1.8390073328767678,0.4616725201806994,2.092740499359536,2.573964231717565
2019-12-06,289.190002,1609400,288.309998,64.76286948068108,286.0949967,282.34917095121256,289.8408224487875,1.8729128743937349,1.6525089566709434,2.174195913961398,2.4940105681663316
2019-12-09,288.309998,1478900,288.040009,61.46785545252395,286.3204972,282.61163729384776,290.0293571061522,1.8544299530761064,1.0728368557139998,2.143037348034511,2.4238159241399675
2019-12-10,288.040009,1822700,288.790009,60.45164095440513,286.55999765,283.0625766721524,290.05741862784765,1.7487104889238292,0.8463444117103655,2.072665704097062,2.3535858801313867
2019-12-11,288.790009,1835400,291.329987,62.31544640222453,286.80899819999996,283.4228442002661,290.1951521997338,1.6930769998669146,1.1700653899118316,2.053740163073712,2.293616736719852
2019-12-12,291.329987,3276600,291.440002,67.84265297184015,287.1789979,283.5254279259154,290.83256787408465,1.826784987042317,2.2722921030354666,2.218127341325271,2.278518857640936
2019-12-13,291.440002,3519600,293.5,68.06116133955594,287.5354981,283.68514706562195,291.385849134378,1.9251755171890166,2.0281287940442154,2.330419035495879,2.288898893211925
2019-12-16,293.5,3141900,293.559998,71.91007383109391,287.88899845000003,283.28508909208136,292.4929078079187,2.3019546789593317,2.437494361329734,2.5561697014643414,2.342353054862408
2019-12-17,293.559998,3658200,293.579987,72.0158494811404,288.2364991,283.0579059834197,293.4150922165803,2.589296558290168,2.055963378530637,2.7086959075483037,2.4156216253995875
2019-12-18,293.579987,3294400,294.799988,72.05360668718467,288.5919984,282.98853722516174,294.1954595748383,2.8017305874191334,1.780324140514443,2.7989227310323486,2.49228184652614
2019-12-19,294.799988,2331600,296.299988,74.33009673452062,289.05899824999995,283.0363447980462,295.0816517019537,3.011326725976874,1.906465246854827,2.935038724006631,2.580833222022238
2019-12-20,296.299988,4985600,295.160004,76.82926529869665,289.6229981999999,283.1250263475267,296.1209700524731,3.248985926236611,2.055099637730409,3.127892693157321,2.6902451162492547
2019-12-23,295.160004,2325200,295.160004,71.15912147074982,290.09849869999994,283.44312722541366,296.7538701745862,3.3276857372931303,1.5210286365915384,3.152404712370469,2.7826770354734975
2019-12-24,295.160004,1305900,296.670013,71.15912147074981,290.46549855,283.54880308177763,297.3821940182224,3.458347734111199,1.357441706539815,3.1356844458010755,2.853278517539013
2019-12-26,296.670013,2390300,296.670013,74.09599021443987,290.8789995,283.5303477760195,298.22765122398056,3.6743258619902717,1.5760750998995896,3.2073067845766445,2.9240841709465393
2019-12-27,296.670013,2225400,295.040009,74.09599021443987,291.22449965,283.479698767022,298.96930053297797,3.87240044148899,1.4062371472889632,3.22687064789568,2.9846414663363676
2019-12-30,295.040009,2345400,295.799988,65.71801638787426,291.5440004000001,283.72353850497205,299.3644622950281,3.910230947514013,0.8940670377084924,3.0753961972436628,3.002792412517827
2019-12-31,295.799988,2512700,298.420013,67.55974709593951,292.0190004,284.37832784245734,299.6596729575426,3.820336278771323,0.9897002054531244,2.9822974886445763,2.998693427743177
2020-01-02,298.420013,3142400,296.23999,72.95421180043012,292.7255006,285.4708167440348,299.9801844559652,3.6273419279825982,1.5698857491405829,3.084375452122231,3.015829832618988
2020-01-03,296.23999,3247900,297.350006,63.493312245841175,293.23200084999996,286.4998700094135,299.96413169058644,3.3660654202932374,0.8936217139053617,2.955296518070611,3.0037231697093127
2020-01-06,297.350006,2777100,296.52999900000003,65.91697944354854,293.76750039999996,287.5324956384669,300.002505161533,3.117502380766535,1.1491588978736165,2.9090359911860446,2.9847857340046593
2020-01-07,296.52999900000003,2251800,298.059998,62.610102942963024,294.13450025,288.16188690244934,300.1071135975506,2.986306673775312,0.8021610007560444,2.7742269175165575,2.9426739707070393
2020-01-08,298.059998,3719500,300.119995,66.03401901418715,294.62200025,289.0525813912374,300.19141910876255,2.784709429381273,1.2345983798977194,2.7590433536157093,2.905947847288773
2020-01-09,300.119995,2168500,299.26001,70.0153472910902,295.22599955,290.03560136701554,300.4163977329844,2.5951990914922196,1.8857880561240579,2.8800355545069465,2.900765388732408
2020-01-10,299.26001,3666800,301.23999,66.51039335695461,295.7494995999999,291.1872329178854,300.31176628211443,2.2811333410572563,1.5389325721630347,2.873406303871775,2.8952935717602815
2020-01-13,301.23999,2728000,300.839996,70.20817139182408,296.2449997499999,291.5593968724271,300.93060262757274,2.3428014387864127,2.1320587256372425,2.9934141980593836,2.914917697020102
2020-01-14,300.839996,2620100,0.0,68.56119813543722,296.71499944999994,292.1678604718819,301.26213842811796,2.2735694890590072,1.8143261377541253,3.021416141390773,2.9362173858942366
