,0,1,2,3,4
0,0.09151181972658118,-0.4210891364324452,0.36902024251114374,0.13861037317290995,0.8312211587439245
1,-0.6444048619858855,-0.34048958259918366,0.3183952839108009,0.19116260423483045,0.932290341049394
2,-0.10678020946630752,-0.35622837181774325,0.3428160708511256,0.13382028207334726,0.9643214409351771
3,0.08949118084214278,-0.19251881991101516,0.37115607982870413,0.28736504678189934,1.0592644228146753
4,-0.2949690442370042,0.35343647577529286,0.03149831696611246,1.1009094203997452,1.4607650232698575
5,-0.5789361621300813,0.3108697704039653,-0.1673481488993121,1.0083522959365037,1.6329493449640398
6,0.12923041223609805,0.021033295932041764,-0.29943769383484037,0.5543566290250885,1.524516001063305
7,-0.36104393575814003,-0.20156384089261503,-0.4750496163440804,0.16625570137814552,1.2723921947223513
8,-0.48982598732634763,-0.24214816619681598,-0.5255319395190291,0.04413678163752862,1.035084240378975
9,-0.8986012336482367,-0.20037325710777842,-0.5124588121700375,0.08560947328001131,0.8600453344514993
10,-0.11647927611161187,-0.7744411739427498,-0.4966224918383099,-0.839993809213009,0.4176856532866385
11,-0.6043962120740051,-0.6947741403964693,-0.5076096968959606,-0.7288972715778232,0.15877366401938628
12,-0.07505617898062458,-0.7925453140423068,-0.5462816881536392,-0.9237324162006919,-0.059921866823719215
13,0.47193076703685133,-1.6540541623534828,-0.2631492564475449,-2.286208688040514,-0.7258566503918326
14,0.6242195842940257,-2.1630579224847786,0.3718969608775725,-2.612508943857411,-1.5478754842766107
15,1.7783411604557606,-1.2300963852023339,0.4306784153185478,-1.4861484612490774,-1.5068449215126785
16,0.3198440136681208,-1.6383470906179447,0.7459708703650523,-1.9309037975347505,-1.7554907636676786
17,1.0071980075245845,-1.6989417940214269,1.0525459172672627,-1.7992407763654494,-1.863150738667185
18,0.014862251376884392,-1.1655368416657843,1.149787119194384,-1.2496720713698828,-1.5188219303709176
19,1.2175465153946223,-1.688000347399146,1.4965142721879146,-1.8018888773783721,-1.6843032443539707
20,0.26885655915079176,-1.262730964391467,1.6409845943448023,-1.3178418253496014,-1.4164774171764414
21,1.1512695599850427,-0.9013168324017461,1.6680676722426835,-0.9269291930767288,-0.9086890386605881
22,0.3690128931894553,-0.6825755193043266,1.652058681092997,-0.6770387255714135,-0.36215992353865634
23,1.3759646039345932,-1.2249051495054164,1.7176145834969994,-1.2310282602938942,-0.43237575112146687
24,0.04530654390242301,-1.0978274893287048,1.5376631099186813,-1.04908211066077,-0.33874802622193245
25,0.010147427313194781,-0.6083435383853514,1.2348852246296576,-0.4902035406182914,0.10987247611162826
26,-0.5526005020029007,-0.7489496536264806,0.9733100923084391,-0.6028142177895461,0.3059000546391881
27,-0.7847719098248733,-0.5010779117912999,0.7249967155514022,-0.23026972439706733,0.6183433965829658
28,-0.0006966680332913186,-0.5828921496097794,0.4394721079426677,-0.25640863930770047,0.7524776048837875
29,-0.4981106067525451,-0.3327840634318245,0.0952681891753345,0.2397199473202498,0.9949859260493845
30,-0.3953274421641116,-0.019381192409784344,0.02631862432029917,0.8308993402065968,1.347117907060651
31,-1.0262382565152626,-0.0028969292023488286,-0.06577764264025403,0.9327398871627797,1.5310229794283374
32,-0.6005569981935721,-0.2072637189245657,-0.18903297015127724,0.7236552885909575,1.4670518370484815
33,-0.528622253907565,-0.49744423241289865,-0.16319301777388123,0.22682061495312494,1.1924701678224965
34,-0.9538320298228864,-0.5134820618534265,-0.23482121929442992,0.1404814830745355,0.9601412788274021
35,0.5151050845343519,-0.978992280705374,-0.23040152115934454,-0.6369029117225452,0.48602453599685913
36,-0.35962948853903315,-0.8761669801146312,-0.28507575049538914,-0.5276297456907315,0.22492110366105314
37,-0.5266689696526078,-0.47767496291883044,-0.36466822345753613,0.028305281163338875,0.271367334780409
38,-0.4783083456850487,-0.43703557448974384,-0.35772026877944535,0.0570950335523076,0.31536584165990056
39,-0.5001986002664648,-0.7512944029937558,-0.6139147353880713,-0.5694858305252143,0.16006277012263298
40,-0.38098090608459895,-0.6601484358311138,-0.7206013234799263,-0.48206579347309436,0.10444608887427977
41,-0.8435051467325496,-0.9234754973170637,-0.7103877696123537,-1.0039539847448902,-0.07386667274422058
42,-0.14968510844588295,-1.0125287548079005,-0.6720743816593217,-1.121156682816846,-0.22586500155325367
43,-0.7432814580644047,-0.4182854530554423,-0.8399392726329038,-0.19814028283149576,-0.02843181443072027
44,0.1606176695743746,-0.2889479768623274,-0.9758275180876836,0.008132719368948445,0.1674919190795876
45,-0.6494564591969815,-0.29087944630854284,-0.9743311091637232,-0.02791202921101666,0.2853684832053851
46,-0.9312008743171762,0.11940955952750625,-0.9406111361764246,0.767252489220642,0.5531300752747393
47,-0.9100515206600543,0.4707628972436606,-0.7646233383228689,1.30227796187136,0.894224299269445
48,-0.7983101903506106,0.5585176520848993,-0.6013865810572538,1.2069061668679886,1.1139762687544255
49,-0.9500601705719347,0.6002313507147805,-0.4445163500002113,1.0692116682395396,1.2150498899889621
50,-0.19407180927404658,0.18288212899542786,-0.4186836020865256,0.5804773293324672,1.0613144664955565
51,-0.2020870101823189,0.3619441372413319,-0.35568360886723316,0.7971400150484926,0.9927242859416956
52,-0.7911032449961136,0.3087837712591543,-0.27955477364971365,0.6633119154352272,0.8693344840451029
53,-0.7987816727569795,0.1468172571217139,-0.22925966208218249,0.4373021113189357,0.6806298526466578
54,-1.095074687845131,0.4861269155938474,-0.12597735256040216,0.7422408672188636,0.6701298149283953
55,-1.234835544018787,0.2887938417647742,-0.1667014382377977,0.49559315264856146,0.5506354412031181
56,-0.9460862474325392,0.43754309650289347,-0.1884988972089465,0.5826080688928458,0.4968379013484929
57,-0.5815629926798511,0.29661386722769295,-0.16945699523183358,0.39242833116626713,0.37726604855427986
58,-0.8311792495374754,0.10991122114100581,-0.1742824731040271,0.18807069041213467,0.20880957091918956
59,1.0622267398107903,-0.6420294116705874,-0.28158198668368595,-0.544036826198949,-0.17667413014853783
60,-1.0298754065072517,0.06337562965315449,-0.35997133366915035,0.19541056312673108,-0.14819456349278246
61,-0.34346437746352587,-0.31298502322363353,-0.591953734444067,-0.30439731924027724,-0.2817394080736344
62,-0.6296541981294852,0.18203069101265168,-0.9212793839401109,0.49818038507920187,-0.14426880448352217
63,-0.5773870056520117,0.3707251106837091,-1.0266331949760639,0.8663516511372199,0.026024797041276013
64,-0.9413040687393683,0.4304504444148874,-1.1157166093540756,0.9558228707826427,0.1423153690220158
65,-0.08455318173748508,0.760050584661661,-1.1396660524816966,1.6846941443126293,0.3619792367717868
66,-0.1837665509634107,0.7260019246810365,-1.0715313559417075,1.3506811887728594,0.4496850682605282
67,-0.9235898011857916,0.8576263417171043,-0.9160299168044409,1.3276710859100882,0.5281231346963184
68,-0.16214571489991977,0.9125950436257203,-0.7712183321657965,1.170642961392417,0.5548164960505291
69,-1.1494298738365238,0.9864047148659171,-0.6316373248073125,1.076287307461633,0.5548735338825872
70,-0.25657690543267453,0.6375254886934012,-0.6026990366049694,0.6531744891532527,0.4119698206069029
71,-0.6566634045514785,0.7820982466147081,-0.536842440114468,0.738064292113972,0.3374015327731902
72,-0.5985363593091337,0.7028630233190837,-0.50584161561482,0.572783611358797,0.2259974038641069
73,-0.5879616824805728,0.479128759086829,-0.5332284171447278,0.3302583771775239,0.0630981787531933
74,-0.6906774924395249,0.13559761915770366,-0.540979314148172,0.011234477576256575,-0.15482917049970674
75,-0.8827055410906546,0.2551850388350292,-0.5668492295979738,0.0877593143838472,-0.2724932902550523
76,0.7738142163719489,-0.2850615125096328,-0.5911324215092909,-0.40337263440132665,-0.49718787791766655
77,0.136908839996964,-0.15444997192632154,-0.6321504662407467,-0.31234233209156187,-0.6005542527161732
78,2.560328408733423,-1.1265835333764846,-0.632931864716994,-1.3763685610355894,-0.9622059881172627
79,0.0537932272170643,-0.9565289818276996,-0.8312642853228255,-1.3988310691899164,-1.115167449327878
80,0.36712696356397945,-1.4247391185608913,-0.7328093618892727,-1.9704764432297912,-1.3533667656076518
81,-0.16861175933012268,-1.3105074146882507,-0.7380253573339868,-1.8639487915355946,-1.4203406829497587
82,0.5542381242629757,-1.102621566164733,-0.6687631315695269,-1.5682691222752072,-1.3492890243488516
83,-0.6369284981134634,-1.0056591350518451,-0.599749317338771,-1.3878282346000745,-1.2217989772667408
84,-1.165797048800475,-1.2644863833457107,-0.4947191705221697,-1.5460442700131523,-1.1749186172250168
85,-0.6335607666393994,-0.576915519056413,-0.4913324167143087,-0.8981753826565801,-0.9081295994330272
86,-0.17952320930609006,-0.02647995369540809,-0.5109047525390709,-0.29376119973055587,-0.5190172766976068
87,0.7346811766433251,0.4598147810066146,-0.5198816938307425,0.34285457565663213,-0.059684633100481194
88,-1.0603196990327903,0.6324593831189407,-0.5115737659240228,0.585707049436398,0.30332941943600117
89,-0.37289835054684534,0.1041946685605595,-0.566680584650024,0.13838068400540782,0.3587873737238101
90,-0.009924252272226696,0.5367371824809991,-0.5225641749190929,0.7231278252864507,0.5559849576477016
91,-0.7235465516263897,0.5777912651898004,-0.4938360588260837,0.7552616272154516,0.66150519472284
92,-1.2765280596676996,0.5261425159014544,-0.4652279482153691,0.6818614462333931,0.6696543995317282
93,-0.7158681238655237,0.7469240823753205,-0.3744464750658255,0.8812837235646893,0.7231593707172236
94,-0.1898958222462072,0.8389332165792547,-0.25526084633476026,0.8697591551316292,0.7462436392124631
95,-0.5645896260505685,0.487139120315747,-0.19271427068478628,0.5710001929294135,0.6223493013113249
96,-0.11991436221515715,0.40157906336266896,-0.13597125786911807,0.4461219480477881,0.4749749942709958
97,-0.9710748149700942,0.5201584608074515,-0.07113620847687634,0.4864360968604257,0.38222946934824303
98,0.018364692109910957,0.7990793547232082,-0.036547753026107646,0.6421584925053797,0.3895583012155793
99,-0.18861608428606289,1.2569561076781692,0.08646464933653063,0.9673173138590311,0.558068378029874
100,-0.4864582558522836,0.9548833856395449,0.03851790532519182,0.7110663013111352,0.5469866082745939
101,-0.1498871723343268,0.34827809133946364,-0.09960054039325034,0.2949376815003252,0.343308065385921
102,-0.8670792670509976,-0.11982125573377747,-0.27455280980814234,-0.10291133495621518,0.045879264975823376
103,-0.603655311149711,0.19294797648234194,-0.4598614728406583,0.16117822109408445,-0.054749434029202626
104,-0.8331998884219137,0.09093957360695795,-0.815434652417335,0.02793190618668246,-0.16626426371929537
105,-0.7553379367415539,0.401850817243509,-1.0642411475080824,0.490647266841757,-0.13817792125788417
106,-0.5867492991499097,0.6758414366087596,-1.1615695831476116,0.9865444048493177,-0.027347806135315116
107,-0.7043504822242248,0.872398133760018,-1.1059555653407798,1.2060527863088724,0.10447838690414904
108,-0.18154384819052846,1.0132699404283287,-1.0062830107753142,1.2384001166171275,0.22063683370384507
109,-0.8946946651383225,0.9570396725559472,-1.0424946079034598,1.0695911800692488,0.24532606979023247
110,-1.215302701469216,0.8190600282970903,-1.0176061075715153,0.7961289332301085,0.19431775792563588
111,-0.3322161543401521,0.1326766055029502,-1.0541124721968587,0.017783157724098164,-0.026903220485804385
112,0.5361197289325113,-0.20024965715248824,-1.1123416206190155,-0.45122220580584627,-0.27441903924405014
113,-0.9139580891699686,0.2466162856451362,-1.121133840479613,0.22538310887865326,-0.296797165976444
114,-0.2026932018476504,-0.3589707137213307,-1.1327957462113056,-0.651393404129044,-0.48547003064399635
115,-0.8053150718166637,0.16280506587711052,-1.16840504346078,0.2330972593167325,-0.42139785220502274
116,-0.410819006944806,0.3559872220108682,-1.207519914058558,0.5628042167308286,-0.30736350240702304
117,-1.1067943933748736,0.4826325273122878,-1.2216336065897615,0.7409105611386647,-0.19240970616640282
118,-0.6404309388464899,0.6070165502078471,-1.1812203339583789,0.8630414891595649,-0.08347962409227722
119,-0.7952118773944717,0.5770141563911025,-1.1316842828063798,0.7253129328689757,-0.0399646651205844
120,-0.39108410050679093,0.4286476422928395,-1.1002971353404964,0.4769134497794672,-0.06562111315507287
121,-0.37707433757468467,0.8198375989849134,-1.045611986972484,1.005958134846683,0.041501845541581844
122,-0.34871803856306577,1.2114275536647543,-0.9781865168182028,1.5302131023182872,0.25525950512906403
123,0.09306097620465062,1.2388083149894067,-0.8888942174376269,1.3068120142671733,0.3654872145261449
124,-0.5204049891108488,1.4949043152083026,-0.7715749962038583,1.4904016263804665,0.516856633480279
125,-0.1773005065332078,1.0347816122368367,-0.7174209913077649,0.9534345050831801,0.4651883515319332
126,0.19106196209991322,1.0368151444925817,-0.6522943268714755,0.8066788551860063,0.3824710848132447
127,0.49476398643100533,0.8737137839994575,-0.6016640238591449,0.5889585734463796,0.25088725089092995
128,1.1495856942480107,0.547590346091925,-0.5753484636113455,0.3070772922050058,0.062130706654959705
129,-0.8088175125496903,0.22425937223968972,-0.5718609821919242,0.04065213032476933,-0.1554409332053431
130,-0.1715080083978177,-0.03047548165368754,-0.5841876829123381,-0.17764602806920343,-0.3674111686559204
131,-0.03774171424799539,0.128462608689762,-0.6517389245400831,-0.08626877888615342,-0.4659137751908481
132,0.3581014432134879,0.4300852345502019,-0.7764334092210288,0.1632224503011594,-0.4441708437761385
133,0.08827879751147973,0.43901461787342383,-0.8403684446999695,0.11294935618865204,-0.43085819740848547
134,-0.5396684131424949,0.8618300615165319,-1.0242738984104283,0.6356940552963306,-0.2952630788324114
135,-0.6922266489175944,0.8983454824698125,-1.1047345293344586,0.6332873046719653,-0.2075723690945821
136,-0.25152530822157854,0.19046032206975455,-1.200113893112725,-0.09509669668763919,-0.2962478605878575
137,-0.7174172803435932,0.6072706085077975,-1.2524742403890259,0.5382463673211866,-0.2354327544164094
138,-0.5464038760906229,0.6875078131425593,-1.2862083796335473,0.610591791333783,-0.18273688472808228
139,0.31048172017022285,1.1943729018509746,-1.2351944488832232,1.4660258423659531,0.0216612426238799
140,-1.0347249398299039,1.104346521024498,-1.2694729727635643,1.2546207392840492,0.10874862915616332
141,-0.5508492816363874,0.6842917245955091,-1.284000264876795,0.6853808709163589,0.05621192614186612
142,-0.35585762928808146,0.5344674921728195,-1.2625296137218602,0.4338527925121523,-0.0322866588477863
143,-0.21575999996701878,-0.2688785585813615,-1.2625296137218602,-0.5970953903853095,-0.28169145178579
144,0.12714241872217835,-0.034363224587734484,-1.271766216316219,-0.1934183920422951,-0.3833249041459472
145,-0.7506231126778643,-0.046161491648428706,-1.271112534021183,-0.21812347879910923,-0.45258552601495144
146,-0.6196183583367744,0.2693042607104969,-1.2566398018630132,0.2552382456985617,-0.40921745257202485
147,0.09791050952730279,0.255962509610078,-1.2475615988129234,0.19154841854627613,-0.38457372714902827
148,-0.25792399802230015,0.3324750366566436,-1.2520278477487277,0.24442428274692235,-0.3498472012601513
149,1.4249987741969652,-0.5893590801008347,-1.292751896953974,-0.9398258076389793,-0.5192007640861984
150,-0.21825212125782614,-1.0794541990251985,-1.313461677998651,-1.788660256270299,-0.7462870775915287
151,0.22285334721507744,-1.1010824579165754,-1.302236030218468,-1.801923820212532,-0.8729785665074242
152,-0.5460671029432165,-1.2102082751136354,-1.2345947721168493,-1.826703518602661,-0.9515108097379339
153,1.9634990368997998,-2.7992217205757353,-0.41305213621883025,-3.2537471090435783,-1.698903883748354
154,4.141141562659068,-3.259627313581622,0.5756684377836098,-2.965648648657247,-2.551402108001078
155,2.8477306127300452,-2.296236191245989,0.977667077248508,-2.031867577752621,-2.665164332240242
156,0.281182456345866,-2.4372259154678875,1.3827216524728727,-1.9315213521116452,-2.714723723480513
157,0.28273161282393544,-1.2390824740561766,1.4615764805759974,-1.1515841471278543,-2.1333552452512925
158,-0.02891825778594769,-1.2216379866238025,1.5079280919072646,-1.0677465479460657,-1.6369160254687165
159,0.10646454747142536,-1.6826765228219975,1.586976487407266,-1.4014188354468728,-1.5355967062855842
160,-0.13776333902769639,-1.7063748200788769,1.6216417490496526,-1.3204115316457874,-1.3894207919212376
161,-0.5299019918677093,-1.8338336029011548,1.669841992224883,-1.3391383444742817,-1.29296408529329
162,1.5611224803786323,-2.0127583594251366,1.7288657869724178,-1.4032523261001515,-1.2703989135573746
163,0.7927408672561886,-2.68819901338757,2.1642121041575226,-1.9763317627246413,-1.807479074673365
164,1.0474087213249088,-1.8219120103998094,2.234590485474353,-1.3928016239324372,-1.641172572493201
165,1.6097525228641165,-2.1936552371665825,2.423750851988154,-1.674030978473078,-1.7933837546464915
166,1.5070367129051643,-2.2903869270866903,2.519757659125319,-1.6451988844157754,-1.8638180615011652
167,0.49193509199279156,-1.641074314684012,2.3507276589293435,-1.2033965746692201,-1.4472762704081386
168,0.7979271737262472,-1.2382221664667479,1.9990521421009158,-0.8818177859557205,-0.8414929415047373
169,-0.01214695504510894,-0.865719303716336,1.6427044596421931,-0.5298274169411786,-0.14708421246860906
170,0.1992118722671481,-1.0442585846926893,1.3073082161441971,-0.656483296433924,0.21019084570702828
171,-0.6578084332526603,-0.8353129970012904,0.8716415289751467,-0.3834411246197948,0.5933838055694273
172,-0.4267146995023881,-0.6059514172925626,0.3457190462985628,0.007248759267177734,0.9858694463075226
173,0.13610058444318862,0.06411217664725721,0.4503966863743721,0.9142434425767043,1.684090850129251
174,-0.2841249488905181,0.00016754932168499095,0.5876587104934764,0.7138301979020094,2.035677245277942
175,0.12795067427595372,-0.341181373175663,0.6214887797852267,0.2915581439767974,1.9797390943289919
176,-0.12025113536256354,-0.9512275776078805,0.6226140149988937,-0.5112785486439296,1.4470812980830652
177,0.14027657147102798,-0.998911319796179,0.4945511297530661,-0.5259801321286812,1.0284211191697823
178,0.4924739290286418,-1.194706446300043,0.35242152479100197,-0.76371309630158,0.5895916268653921
179,0.6891494471139797,-0.8055528292208192,0.30690243960534275,-0.26045509255644034,0.5281505267154224
180,-0.36771204407678676,-0.7112057441867687,0.26665499449510227,-0.11470580712417083,0.5389367733974042
181,0.05722831332060959,-1.2189682660660923,0.26824205561068454,-0.8555754084372363,0.17889580745001435
182,1.4226413621651204,-1.6745066147626517,0.43066627025227067,-1.5587513329288933,-0.42797638051941633
183,-0.3120097654957681,-1.5425870802262234,0.43859359845237544,-1.4094194140195706,-0.6954093282097926
184,-1.386046687204261,-1.6966844985094969,0.6111334757734286,-1.5537143618234748,-0.9395594802689456
185,-0.26284088597443356,-1.087400352055306,0.552419928767642,-0.9523636907160977,-0.6928154404502777
186,-0.026291427236177767,-0.9715426834043268,0.42029239331756724,-0.8818372891029024,-0.4099251008174146
187,0.5621186159122854,-0.20521326448304927,0.4031884412252183,0.09673634860264482,0.3112265038496691
188,0.26313141564488296,-0.2749962868512309,0.41130232026119956,-0.025135435086916784,0.7276832777029132
189,0.0700930475515341,-0.06882467554440198,0.44552788164839335,0.24766781964545395,1.1180876305194356
190,0.7104335100300643,0.29019787314436457,0.5775292476830074,0.6888812844009518,1.5947072498420902
191,0.638970248150426,-0.7291414563214106,0.584540972219903,-0.6304175913471795,1.1417178040406801
192,3.249164204438475,-0.7974011535234158,0.5771410275905959,-0.6969171675664672,0.7581934443585316
193,0.700262960978391,-1.364243185052997,0.5206274415476766,-1.5589395734291565,-0.005273516510422113
194,2.0846026607071413,-1.3244083359623824,0.39332630817413616,-1.4297570352640445,-0.44607513740834026
195,1.1143592230293011,-1.314154452394136,0.32301700971585967,-1.3291164504464197,-0.6796067654619965
196,0.8272937921800853,-1.111453622330699,0.34681433977360293,-1.013681231320141,-0.6602330992719663
197,-0.187201637066956,-1.1207120207601966,0.3664312332246514,-0.9673323118825335,-0.6042717255328011
198,1.4816440175907217,-1.606022272107553,0.5567016646799553,-1.61293357853808,-0.9076584062458235
199,2.1812565540127786,-2.1245751105464046,1.010532660792467,-2.198502335694036,-1.560525531592767
200,1.2141787839205584,-2.131396250036664,1.3152041290738696,-1.9264543343798377,-1.8730267236635993
201,3.5878906360998326,-2.4032225855815814,1.835111527353546,-2.047104497937368,-2.2642459255611995
202,6.232435453423334,-2.6427115928326796,2.4926735168866285,-2.095741448883897,-2.683591086713856
203,6.009963112246666,-2.8874133315394968,3.295401771627162,-2.123293215573923,-3.1546092159135823
204,3.77506915142831,-3.158719408458463,4.317721032887092,-2.1806394306918473,-3.764048928911035
205,5.866093623674652,-1.647762604022767,4.5503649207663495,-1.3025340963910295,-2.958711672359073
206,4.505799526670718,-1.412042984920914,4.647111185133326,-1.0843410981050103,-2.0582237399261016
207,3.062861299293254,-1.4334373097785305,4.53235664725782,-1.0323290946212786,-1.346548365453874
208,2.556219776335065,-1.190352397384798,4.313971436754304,-0.8312302289277547,-0.5861247302797898
209,1.3488206882536373,-1.168519806316878,3.9345356786928285,-0.7586992282507774,0.0051643272273558015
210,0.29694343964448555,-1.6194185558262404,3.3524456808945056,-1.126178270213994,-0.02891871270790429
211,1.4894571546105502,-0.7812364233232293,2.969192027073775,-0.4433895787785291,0.6574539375120194
212,0.550466265012024,-0.6085058067743243,2.544803129796088,-0.21079520666941026,1.2695611247130345
213,0.44310298561886347,-0.38654051224458785,2.37504331633387,0.05738998659403703,1.8456238316254852
214,1.1290425322562203,-0.2802249628061424,2.199358344780808,0.21847172851492377,2.2629374483236018
215,-0.05067380310840117,-0.18128140157262823,2.032095901652903,0.3755620983782572,2.5449559969214324
216,-0.22747970549676153,-0.1944611159282873,1.7777953386914804,0.445387439035481,2.626725768481157
217,-0.15850856490793067,-0.35703716009760345,1.4610273099501294,0.39511437334810384,2.469236635177603
218,1.4918819212718764,-0.04356146487370133,1.4597673934882611,0.7483682272955667,2.5155608028545533
219,0.7934144135510014,0.015304625959913528,1.6387177194733815,0.7203098204551751,2.4884483081793305
220,0.11468181226814154,0.2151561328623779,1.8740699639914717,0.8133123938775976,2.5193948789470424
221,1.383845095583903,0.5512141174519111,2.2181635188094266,0.9819295823998332,2.7049270523147344
222,1.9516446221110946,0.06586107107901253,2.2830426203245544,0.5412710698899441,2.410781135694607
223,0.12640151779788428,0.10628365991992329,2.117860624054579,0.5023096491256899,2.1374476199047057
224,-0.46584773923101186,0.13477441576683405,1.373270179490372,0.5369992253001635,1.876132063922531
225,0.5312701956098591,0.3789254151775235,1.3029067819365543,0.707131038588552,1.7883295844313853
226,-0.32393153491395466,0.06354255915454851,1.1934986421787235,0.38306369644578936,1.469550167199436
227,-0.3043313377349021,0.013449509598746719,1.0005411519309086,0.2795220572811651,1.1561151876322362
228,2.114710180085274,0.4898207193337812,0.9722609880885575,0.730320956403846,1.215278138799255
229,1.629554783931613,0.7141634026708709,0.9669017960587272,0.9016653709000005,1.3486923818770786
230,0.5588855936971839,0.7370882791845832,0.42141288282539247,0.9933415686512184,1.3600001667735937
231,-0.23374368603852055,0.9307641783233396,0.3977345622002828,1.1621327490596238,1.4252507765919693
232,0.4880285234828773,1.0484511791568927,0.4387973718249084,1.1802775833928125,1.4606640444272714
233,-0.5634445973493868,0.9784032550034134,0.4902930468298178,0.9669206500659995,1.3497726370334806
234,0.6863879073052472,0.44204235735130915,0.42782465523210506,0.4592177969676275,0.9646475327102649
235,-0.25334388321757306,0.4858122369940673,0.3754573388706187,0.43737467752204934,0.6648415370231715
236,0.06591706052369473,0.5046104352850681,0.27964465889584844,0.3901121256175107,0.4162038633596626
237,2.0824473125637404,0.9384208169216721,0.1719373785857436,0.909506727427509,0.477629036081336
238,0.4582577772521515,1.0312891282129033,0.1816476631017769,0.9218954808151728,0.5171232744446171
239,0.24184735272879843,0.8873819599333967,0.12907403201523338,0.7140717286180872,0.4258170823056866
240,-0.055321272542609504,1.232681005317099,0.23715012055405146,1.0730045449775638,0.5437755081563919
241,-0.25556658599045534,1.2836454306119633,0.4104172872143113,0.9612353149319066,0.5838433873323862
242,-0.49332842805937416,1.3538261544183399,0.44702019061674714,0.920141131028223,0.5844254401289728
243,-0.585132788042359,1.0808002119812101,0.39414873805819595,0.6605316781471825,0.4278675884656899
244,-0.5181822863379666,1.282560783136037,0.3548690573391692,0.825555142792172,0.39171036584713836
245,0.03540541336867483,1.3316263056995814,0.3680933265299384,0.7730816229523828,0.33285373622902836
246,1.1725536229011273,1.269159410612665,0.20644277488132157,0.6730812572786415,0.2128664923993272
247,-0.5067319993261489,1.2239507195033523,-0.0816236888685344,0.6255098679625848,0.0653863343693553
248,-0.45917963091236513,1.0088636871131988,-0.21469661970248977,0.43016976396990064,-0.13236531327892762
249,-0.014639076335916306,1.2967810220362108,-0.22346619887281277,0.7365733665796428,-0.147907643786349
250,0.3337190673412645,0.94422755092926,-0.2993280109727188,0.4282247710881369,-0.2850232886572285
251,-0.2780630322372029,0.8378615536195178,-0.33648610803346185,0.28515330090989255,-0.43124078530955484
252,-0.25179472673950365,0.283827538592623,-0.3779493997998761,-0.17471326052077865,-0.690045928965885
253,2.392750090583998,-0.3097394067094451,-0.42840207397414326,-0.7444530731312436,-1.0397295169769578
254,1.1002821054677137,-0.44587293237516745,-0.6037133659082883,-1.0000837778322331,-1.2932277072752345
255,-0.6766003748779374,0.374163566410549,-0.8155682999540844,0.03813587071846033,-1.109582772620569
256,-0.41546647637901435,0.5422294456008915,-1.08066082687755,0.35117700134232077,-0.8976970566424782
257,-0.615913853715304,0.8432246106928049,-1.093753988806668,0.9762690370157233,-0.6049967324719264
258,-0.8966479493932796,0.8149452210969088,-1.1031439545824102,0.8206442656145714,-0.4341875854258975
259,0.17678278064988182,1.0282023865916237,-1.1139122125528997,1.222240709829115,-0.23165346791020208
260,-0.7131065840567913,1.177419201362699,-0.9817238484580995,1.295855098871283,-0.04788995446097065
261,0.7901140367064187,1.1904434331607239,-0.8716526500666298,1.0848125408818567,0.04124594512748537
262,0.35459900248046133,0.8459607170917922,-0.8185404824302742,0.6386391371730344,-0.020808022198489762
263,0.05359116332862047,1.1187706430105708,-0.7345132967765158,0.9638539274767955,0.03475358726535673
264,0.9622724696605707,-0.32854111825194005,-0.7329620025798512,-0.6476913078629666,-0.39619243509988894
265,0.003277255106104209,-0.3823244159903986,-0.7260410303917677,-0.7082456428441531,-0.7006003609565695
266,0.19456440283293977,0.017658126633892112,-0.7248143550734836,-0.13178577419602885,-0.7292032488689947
267,-0.11748959555383107,-0.2801911489413375,-0.7264253385365875,-0.5224774638153232,-0.8445355941619288
268,-0.7894193792590817,-0.0627808309255905,-0.7370310355202866,-0.22780822331689823,-0.8169839135269003
269,-0.03881938831969587,0.27367137460564656,-0.7129317837978068,0.27382401972316706,-0.6427801139198505
270,0.27963329986779656,0.784688667485597,-0.5828177277697302,1.0154813565367777,-0.26995999816178123
271,-0.9268901780303743,0.7988157815587135,-0.4800411435045826,0.8723343748551978,-0.04142740375690037
272,-0.6407003573644151,0.8790915055185708,-0.42661430278650825,0.8555507464683785,0.11907279701191888
273,-0.7747360700321626,0.9835016166341066,-0.4893395903900975,0.9248759662018501,0.24015151970191892
274,-0.9320091298709516,1.1866487596703958,-0.5949675398551283,1.1998790473073786,0.3845834299686402
275,-0.7871293218567181,1.2229475322788896,-0.5297047356247732,1.0717746900188356,0.44550389248308514
276,-0.5872207815562787,0.7257748098852428,-0.5305254286963437,0.5742584013647182,0.3085145036754746
277,0.06861124570294594,0.895323083952953,-0.46661147603449377,0.7048318875549584,0.2535650711230587
278,-0.889777777186189,0.8771059260810478,-0.42767042961764556,0.5861512357452435,0.16953086781054397
279,-0.6636682860175316,1.2035571695950744,-0.3086219804698992,0.889592389904798,0.22956364006120372
280,-0.8784621994333339,1.1330115549442767,-0.21153070825676154,0.719191804287345,0.2064489219873621
281,-0.2970570377509239,1.168819148476122,-0.12425760923768525,0.6522289240273094,0.16366959477313653
282,-0.6845482211567284,0.8924609368290035,-0.08998606748023663,0.4244851839834574,0.03795784525071003
283,-0.06724304196079608,1.0017206756972838,-0.03212609973459418,0.45849014377379477,-0.03436398871963034
284,-1.1869464024575969,1.0594453247183284,-0.14625014685182514,0.4480421594225169,-0.09016695565215409
285,-0.18215003985585998,1.5108069268227906,-0.243844236150967,0.8910140979863076,0.04301139830049791
286,-1.0071768963720602,1.2672753926296105,-0.31847012868887403,0.6795093598245732,0.043740082342542896
287,-1.1122501183628573,1.2200739596875343,-0.5467431733666257,0.6345410080966334,-0.0018131546093560404
288,-0.4823496234539255,1.4656642415478172,-0.7392874204464219,0.9808604956942252,0.04038440890771432
289,-0.6710099406309912,1.5301288143856193,-0.8698815412020724,1.0540950481788562,0.05849504257910816
290,-0.5820344750862201,1.5634162204099005,-0.8535171638158505,0.9639944517678427,0.04563916756084008
291,-0.14773182419092584,0.5969020973544434,-0.9368006956030968,0.20514075464146103,-0.170467636057579
292,0.08100449752750148,0.3695423702467651,-1.0269365966541575,-0.05709475213490845,-0.3784136754210261
293,-0.6194836490778118,0.9913358771833048,-1.0318412848618552,0.8588674334657703,-0.3052988898462324
294,0.7261944933286838,0.5575042834144511,-1.044765067655192,0.3453663466266635,-0.3701349307662957
295,1.2553324625336206,-0.766764487379791,-1.0218717199072056,-1.433087602978044,-0.8006251855398031
296,-0.15237929362513417,-0.8907363662869477,-1.0358339838131405,-1.6667692873649778,-1.105422819775613
297,0.13879476962243983,-1.082367040134909,-0.9644837389112028,-1.8737189120974447,-1.3380624089403879
298,0.16378333715999477,-0.7154842447386912,-0.9579702276897173,-1.3877283016281596,-1.3347329303338344
299,1.7912732493161665,-1.925532743739935,-0.4700930450673454,-2.7478127248121407,-1.8454955264836368
300,1.2217225024224618,-1.351356540119516,-0.2716774826874052,-1.8727568928468454,-1.8959761161140047
301,-0.29948180441225,-0.9948321490016431,-0.1775794883716691,-1.3867448497683408,-1.7114141636825357
302,0.22413308517522176,-0.49511293008560553,-0.16060058381049716,-0.8044361917123245,-1.3114102634767781
303,-0.1139871548208045,-0.7912454168766895,-0.10893028820092311,-1.1114089173904302,-1.138912586571552
304,-0.08495730951437276,-1.09788251549407,-0.0063194307676127034,-1.3970285634443282,-1.1319659721797533
305,-0.08637175673347965,-0.6401425135337713,-0.026752487346102197,-0.8649776955084807,-0.8823104142953646
306,0.358842344137782,-0.7706076200331501,-0.03162919104257511,-0.9566599871431416,-0.7440368062692846
307,0.6226704278159563,-1.2775433908805407,0.04965721118971006,-1.4816614770807288,-0.8836204598108275
308,-0.7110185905428715,-1.1774484606821594,0.03392859946444993,-1.2917930828313031,-0.88509615451589
309,-0.21744386570405078,-1.5319503762444568,0.0575096307271995,-1.6370793747885823,-1.0374323084135653
310,1.1482386016583852,-1.7739945667214223,0.09880229162871054,-1.8279645337202242,-1.2259054297419059
311,0.0595857253524544,-1.5990412005321066,0.12970667805525662,-1.546399110264559,-1.210972099054756
312,0.5454820224304092,-2.043227161962952,0.30934891140300097,-1.9636056506916684,-1.4231846552922065
313,0.631022401871635,-2.130375412439469,0.30318409150531267,-1.9401969005035304,-1.5327957881180634
314,0.43616545878229157,-0.9228601628772655,0.04604149732876563,-0.845703012882296,-1.026561258417319
315,-0.163156034342139,-0.5474377744949291,-0.04446302666446948,-0.33878102128025406,-0.44884324736988457
316,-0.41169461712806266,-0.27651891644004717,-0.11149779685023292,0.07171913080854574,0.10207718550556069
317,-0.6811804896826644,0.10690617395480631,-0.08186363262721698,0.6362904414412955,0.6861508073674555
318,-0.028850903156466413,0.27673809257458465,-0.043674787488496215,0.8795240468392259,1.1407140257685862
319,-0.6696628480413656,0.2667635624227774,0.060619243984754094,0.7349516536122808,1.376447227823166
320,-0.792652401474183,0.16182445514236615,0.14346597077025164,0.5496091003921655,1.420632058917715
321,-0.7240853886622399,0.3464408701984536,0.2524651406233855,0.6941856638975991,1.4837050946372603
322,-1.1352180470159738,0.2541920370508468,0.29656820940878753,0.5868914058392075,1.4157370995664211
323,-0.7451000330603993,0.29540372514661567,0.3774492096389739,0.5709067849996371,1.3209250062134035
324,-0.36912649129589364,0.7216409435037008,0.5669930931043228,0.889809806560866,1.418606812106942
325,-0.8111075699520538,0.8262197294726952,0.7523097427773516,0.8738907406129852,1.461393397903525
326,0.2689912684097543,1.1674970345651807,1.0397654011214277,1.0572107590831754,1.6190346868031313
327,-0.4463822513109219,1.0764614279075737,1.2389338276449688,0.8483610161902406,1.5928881314139474
328,0.4241089801051425,0.9727413170177474,1.3847777265642944,0.6793219276345537,1.4465533772405845
329,-0.4052285726978598,0.2395943388460388,1.3558444206295301,0.2641280863171788,1.0284923927095415
330,0.06733150774280161,0.17362659105328232,1.2198373162925185,0.16808953325146767,0.6679062343951484
331,-0.5618280862418361,0.05519151635221403,1.0626532451455488,0.0478352459814406,0.34421664435092997
332,-0.0036602717304676444,0.3506676559607724,0.6589098941920231,0.21446982971549147,0.22586115252827982
333,1.0838475758742814,0.7524001335078275,0.0689324089228364,0.639708201766768,0.31148949230685097
334,0.10235591507306728,0.8790674184822413,-0.18217936593394587,0.780887240184574,0.39046766282854156
335,-0.3724268681404764,1.1889669606503934,-0.2681424671714205,1.166539863170174,0.5720291561258031
336,0.31910311274382674,1.0784087413308852,-0.3455543775089053,0.9842001235539263,0.5968250650918886
337,0.16371598253051348,0.6541038592986838,-0.3918698657421508,0.5506809663544677,0.43272878892584
338,-0.2396708934328732,0.7146123225858497,-0.4045250247952437,0.5473551530138389,0.30493854150983657
339,-0.023934015204332963,0.9364623930072334,-0.40170363206445764,0.7632497414265506,0.28583234825905446
340,-0.4306212680123024,1.0295179045411877,-0.44321767367963766,0.8049538857853064,0.273055325843189
341,0.02934349671535962,1.2490306234065405,-0.4071985450001864,1.0040615183366255,0.33302039928811505
342,-0.9581427261096883,1.260284332218877,-0.4425058922577349,0.9088053937320713,0.3243171005666663
343,-0.8922698984769963,0.917776619758833,-0.5583655437969735,0.6046354667504829,0.1886204400274198
344,-0.7615345626538317,0.2792064358392285,-0.620167504187447,0.010561030891522166,-0.10279818642362196
345,0.387939544073695,0.4962056662832677,-0.6514270984357761,0.24517895616329582,-0.23020770106728095
346,-0.3834730273754063,0.03193241069726305,-0.6537160093983534,-0.22433646260375847,-0.46044006784657104
347,-1.0673245804988434,0.18732852914761622,-0.6556735485655977,-0.054955953368899114,-0.5587554930529731
348,-0.7649696487573769,0.5937609062606559,-0.6287624800274643,0.44101935125803204,-0.4630632569673424
349,-0.8209413458563207,0.8369001374118247,-0.6779653239402653,0.7333633804412619,-0.3024037055945733
350,-0.6833358378260654,0.39335499347863545,-0.8334427655719946,0.2629341662663402,-0.33449854196267514
351,-0.735400966415095,0.7739041156931727,-1.0231817524031968,0.9723732252339615,-0.19925253635013
352,0.02503280042855769,0.6112080556316213,-1.193307777053595,0.7820476668768302,-0.17858050841838988
353,-0.7662493867175213,0.3925303735884558,-1.2670427552882209,0.4037681051261805,-0.245187202402002
354,1.3614160039666368,-0.4842474103045215,-1.3035696761930873,-1.2868304715482772,-0.5744103638935254
355,2.71591760283518,-0.9905008507362273,-1.1586038948274935,-2.1304322548231833,-0.9774910371093032
356,1.6311039404096823,-1.3653101929563802,-0.9076134059913202,-2.4086170146522856,-1.3769678115572175
357,3.007563148489123,-2.386872383618319,-0.016512843183840747,-3.1326755345859127,-2.262565969335674
358,0.995545656624323,-1.6394200823178817,0.3128983658032172,-2.0524766140929027,-2.4293279494877864
359,0.9244191678920912,-1.6017276998809855,0.5634354118448711,-1.7821242439984666,-2.405212283719597
360,0.4917330281043477,-0.6485428701981388,0.5819025599113463,-0.8604900920716219,-1.828604154263146
361,-0.1834971324454856,-0.9143703758406772,0.6076340893425736,-1.099082775689384,-1.5380723428298628
362,-0.5282181261306773,-1.3154185366786493,0.7171352269350337,-1.480941873978846,-1.5472155709862925
363,0.34591025527737623,-0.6593358743725555,0.6951446121652184,-0.7736341567008677,-1.1169494007421716
364,0.9874631010865694,-1.5369842406389125,0.9916823166390982,-1.8238172482769703,-1.481021606491865
365,-0.07647062619973147,-1.4148726539285934,1.1606017114157572,-1.5444192692874712,-1.5534845920452713
366,-0.3071602321731159,-0.876110289465574,1.1886946179614897,-0.9537591927386271,-1.1768168455613017
367,-0.9819862649460616,-0.47091775532902186,1.145617564224892,-0.471036530298264,-0.5849331166617717
368,-0.6895324637383432,-0.7112247049733308,1.0552130997142415,-0.7075290490498725,-0.3477916415239368
369,-0.5936194713570003,-0.44412450143990767,0.8710577894348981,-0.33801970538983783,0.020291942543727074
370,-0.6769371480253438,-0.45677975117863956,0.7204051367695973,-0.29758737723872947,0.2563621055217947
371,0.8725561031915056,-1.22647428383193,0.5457100269112835,-1.3342713998891245,-0.18805632385513937
372,-0.4234816772872867,-0.8482731018064213,0.23237378094081534,-0.783922149767661,-0.19247374004016604
373,-0.26829661096241725,-0.9585065962319206,-0.11581626746376146,-0.9483040173534664,-0.25983205642272345
374,0.15846232143097363,-0.7165326139722668,-0.3516975172069781,-0.458544947047148,-0.11555120177549924
375,0.16162798901659378,-0.29332912516414794,-0.4373483686561064,0.4902487859184787,0.293413415598091
376,0.8893947605618255,-0.3075950670522389,-0.4441049275633943,0.466776366592499,0.5394961766250879
377,0.32314439051270355,-0.5058787116550246,-0.557769911505263,0.005109212753346709,0.5503826347742038
378,-0.9447391548429136,-0.14111906751752423,-0.4903886752304499,0.70350727227147,0.7864264973497547
379,-0.7630837191319011,0.26256858241346287,-0.2570676193530258,1.3296108184151585,1.2104099362458414
380,-0.6721549693321729,0.2843207885624497,-0.0755740485658459,1.1806108079870128,1.436886667615893
381,-0.491846626210786,0.2924529616164729,0.1110408130091789,1.0061409229951046,1.5130810855417816
382,-0.685895313746354,0.2999254369490432,0.24112883265696797,0.8542231083507918,1.4866259554223258
383,-0.5445179464651471,0.5453369822343829,0.4660105910774402,1.0335682034402958,1.5581362951544184
384,-0.3064866858783031,0.6434667049095443,0.4936253581530351,1.020126594096611,1.5837194935734749
385,-0.40192819585327705,0.6284740737860997,0.4786215540247432,0.8828799693813463,1.4996442851053466
386,-0.980908590874361,0.4269752283290498,0.5248584359608472,0.615298923264351,1.275352624121896
387,-0.7405872728851536,0.5362328802694519,0.637603263488075,0.6343524046145854,1.1148044335218181
388,-0.5792729352774876,0.5618473300118407,0.6887879834879761,0.5615613751027877,0.9499930779640978
389,-0.41816066155826553,0.5461518204391981,0.7569337035244942,0.46760395040491176,0.7690315476553063
390,-0.5631078242019804,0.16049400640826125,0.7668076796706268,0.17960332537250248,0.46326328819807483
391,-1.07924634991703,0.196962567908276,0.45411135118135404,0.1564405545691801,0.2378834534277594
392,1.5061611027219077,-0.368221247581171,0.22416833657488497,-0.31793899041868046,-0.13866216852018765
393,-0.16133745934614444,-0.022292722244759002,-0.13578683954825468,-0.05828816140289185,-0.2499445084388448
394,-0.35949477928007056,-0.44522426894865647,-0.4558091204981946,-0.6041048513653275,-0.4909335017662201
395,-0.03518223832770674,-0.764892402897458,-0.5589026278646556,-1.0993199339227586,-0.7729272500235708
396,-0.10341247799224351,-0.4655181040095415,-0.7135089217816435,-0.8147697867788786,-0.8171142677086825
397,0.543730802063896,-1.0970297694278417,-0.8817970900171987,-2.105201866640814,-1.1060143695739517
398,1.0606775833327209,-1.7817466350891291,-0.45174279695279734,-2.8743533076520618,-1.6573520898697074
399,0.06739886237228289,-1.3248475272169478,-0.21313520618658835,-1.983722568756504,-1.7508481995314364
400,-0.6607046823203553,-0.634714130234763,-0.1709465732395158,-1.050259879134459,-1.4108748126815347
401,-0.7185623090447749,-0.8137446424269842,-0.10113694355871186,-1.2351961573080084,-1.2324257613636125
402,-0.4954837762027751,-1.3831779484495286,0.14603195858373905,-1.8887353917950507,-1.4219423088996626
403,-0.6516791619698638,-0.9461151173786116,0.1976232749045766,-1.2895955011624989,-1.2564855978949094
404,-0.8954355660626165,-0.6480796117951614,0.14867436899991152,-0.8722128423835219,-0.9304651333968414
405,-0.05538862717209078,-0.22694993421890455,0.06054622131992806,-0.26219541759568976,-0.4336860662414573
406,-1.1270007822192576,-0.26753102274861856,-0.005778622213668702,-0.2723562092386122,-0.11855693123497096
407,-0.7442244228771426,0.10913358692187453,-0.06923336293455361,0.3323261962273276,0.314293538916653
408,-1.170579227493646,0.03142782012952867,-0.15525936208106328,0.29169757634742766,0.5338952079371998
409,0.14270133813235408,0.14038776061748331,-0.22296444591505302,0.5113082674662434,0.7077010412481729
410,-1.169636262680908,-0.08073221752629492,-0.26299942181942565,0.27089355548934135,0.6809139757746006
411,0.08672964103341028,0.215717647312111,-0.24875248377101264,0.7237435629421624,0.7898535846849362
412,-0.8670119124215163,0.017301797858097358,-0.20909252411911788,0.4521866830877553,0.7282262915833614
413,-1.0724435323394208,0.1491172160361452,-0.18164142476255826,0.6206920226206823,0.7143736554673932
414,-0.45001940130291107,0.22372800156042683,-0.10082770260216835,0.6484786795883598,0.6984169739410977
415,1.759414509571521,0.41431748748992014,0.022806739833380014,0.7736723497381561,0.7405056976349191
416,-0.7360745127099078,0.6665101169684527,0.19887789262602015,0.9451319962234159,0.8545377986342859
417,-0.8685610688995857,0.6186608028355979,0.3087371800669507,0.7679205570638742,0.8514646840625353
418,-0.7257018997697906,0.7764927614945438,0.2184085505433397,0.8564899096781992,0.8729414611921266
419,-0.38838991532753975,0.5196973245095172,0.13747408467448924,0.5990029839906458,0.7446635156849118
420,-0.3548473098458622,0.9441514842856323,0.2743721059300895,0.9451024304167736,0.8330673564030534
421,0.6120957509873953,1.1034060276891453,0.3747848792005992,0.9780555891019725,0.9188599196241265
422,0.07197897717700993,0.9935189428551224,0.1359789978242238,0.8744589609837129,0.8688405923377849
423,-0.9642046427630035,1.017181114915403,-0.028435708179289833,0.8437907938746175,0.7781013682292617
424,-0.13412618903570725,1.1761789357567958,-0.11161949949831775,0.962668647375101,0.7378600385413018
425,-0.37720904683364725,1.2832037155980651,-0.07223880218418924,0.9612971186563762,0.702855357474437
426,-1.1888323320830727,1.081131595386761,-0.1284870868807613,0.7434878832600971,0.564448779783554
427,-0.7753422616974941,1.1784313814586835,-0.08869307686779539,0.7435068034863758,0.46262295765796907
428,-0.7862537116734615,1.1999185518012612,-0.09999645366806334,0.6660103601324652,0.349972612655329
429,-0.4342584180042915,1.2706625808774086,-0.10472196852962756,0.6471234038049613,0.25788219700268655
430,-0.6710772952604724,1.6270075601533571,-0.11773912552763903,0.9890299749614313,0.33258517546862154
431,-0.41102107083324985,1.6547242384034444,-0.08647104048783728,0.886142877676158,0.33996687540069587
432,0.21807116852190653,1.5879646534924354,-0.16782271746707308,0.7672216614743061,0.2762896316975048
433,-0.04878787348292533,1.1128817312887784,-0.2996758315740835,0.47160546784065704,0.09572014957196862
434,-0.3916902921721225,0.9135841247223451,-0.47314902975294626,0.31111832504310544,-0.09993901883907641
435,-1.0926499211838048,1.0586698829943042,-0.6107151358570081,0.43006894770138687,-0.20259179714086803
436,-0.5714597982576591,1.4907986121594494,-0.6130366742702388,0.9432288909157192,-0.10865891229283788
437,-0.7362092219688703,1.5913804970540648,-0.6473194813847667,0.9983480639444754,-0.03324252285654286
438,-0.8468055235771323,1.810818435098852,-0.6041889201427245,1.2118204618779889,0.09370228316561491
439,-0.6063494963289623,1.2904057506291926,-0.7419752320177124,0.8376090403221264,0.03324891705435997
440,1.0287514889585943,0.36416188154198315,-0.8324433475258523,0.01034597138111637,-0.2484858026232731
441,0.23389950645000737,-0.2698657692080659,-0.885948434411793,-0.7411726802015786,-0.6244534918408151
442,0.20210812133484315,0.17106142817770575,-0.9707312536752621,-0.14041319816577794,-0.7087339026241979
443,-0.8699081614892114,0.2905073399555248,-1.0618537699996455,0.005644273558840569,-0.7153753496764411
444,-0.8616908966924952,0.802877336115558,-1.0417922648442333,0.9309503794378389,-0.4976025960737718
445,-0.9495886881655657,0.518617246396533,-1.0527283892861665,0.4805324059972342,-0.4449352101073584
446,-0.7180234720089247,0.43094865927048887,-1.1152813372771904,0.30454279487171254,-0.44512625640272474
447,-0.7094694340648021,0.5917387194306472,-1.1481990102472668,0.5560811157966054,-0.3897503233255877
448,0.2612454860194071,1.068569537736226,-1.069085586481514,1.4125355174793288,-0.1475895005723796
449,0.4249172356589178,1.0874202035241307,-1.0108690814658365,1.2228152555539404,-0.010090527333688195
450,0.17051880010812276,1.4194649841580922,-0.7879333382769373,1.5409013061137593,0.22237151638018188
451,0.5182707521199721,1.4285902247535398,-0.6179165700540571,1.244443339974837,0.3293057342975209
452,0.27323461006707495,1.4318475300900166,-0.4922218847642472,1.0302655888237804,0.3476097627092389
453,-0.3752557625786901,1.6282397941503044,-0.3682063455307432,1.1282800031652627,0.41178383421008186
454,1.4123361038544846,1.843842481788322,-0.22758622687385643,1.2437721943734283,0.5243636880223514
455,-0.37956645886549206,1.3546804996302646,-0.18102048585921304,0.8287872785749142,0.43272631657410593
456,-1.0661121971681804,1.3546804996302646,-0.1037093383150746,0.7016766355171761,0.3149120159956247
457,-0.3357185950731787,1.6080434794052714,0.024082348000688487,0.8715595914175616,0.3160138859986048
458,-0.4467863790878096,1.6080434794052714,0.141280717942108,0.7395917663283533,0.260705642597245
459,-0.36596082371027344,0.8852776364521964,0.16366457785695598,0.34162432502273293,0.0318474509016429
460,-0.2532765285880918,1.0441633139756152,0.11047497286205904,0.4159333999948301,-0.08823076990785357
461,0.17085557325552916,1.5095425226165735,-0.0037174862489671705,0.8667503297312,0.026372183802599404
462,0.24191470735827972,0.693352930333023,-0.1583116844680175,0.34127829863195125,-0.13144653292148775
463,-0.07519088823958714,0.9024421327406614,-0.30538347497207197,0.5398363116046154,-0.16831078412266798
464,-0.42900475690475165,0.6171586702991015,-0.38301041247004064,0.2702113126615364,-0.2933777801196075
465,0.5595591399919968,0.9125391091316891,-0.502293101280779,0.6062246685422383,-0.26431260882045704
466,-0.485111163262658,1.256007368605633,-0.6144241114480293,1.112213371133079,-0.09407805115374863
467,0.5240632502553622,0.9536358122891732,-0.8002530759651276,0.8426990303452888,-0.09563965796544596
468,-0.10826201131489568,1.2726422586868922,-0.7637647969061176,1.303571098539437,0.03979789007434705
